candidate_id,control_label,target_source_id,center_x,center_y,center_z,support_radius,visibility,jacobian_nnz,affected_pixels,jacobian_norm,local_residual,raw_alignment,quadratic_score,novelty_ratio,orthogonalized_score,rank_increase,actual_gain_new_only,actual_gain_joint,relative_gain_joint,geometry_error_improvement
0,redundant_control,-1,0.5763351935801926,0.38084501872345256,-0.7230455147184132,0.6,3,918,306,17.032737779709905,0.010970199383625633,2.1550817137783174e-09,1.6008792030615332e-20,3.70343438851942e-08,5.238410393371395e-37,False,1.457167719820518e-16,5.323889986861771e-06,0.0004533667348346973,1.1117632433460035e-06
1,ordinary,13,-0.40444549170479716,-0.20818645848835193,-0.8905516507995157,0.34,0,0,0,0.0,0.0,0.0,0.0,0.0,0.0,False,0.0,5.323889985817468e-06,0.00045336673474576745,1.1117632430859576e-06
2,known_missing_detail_control,8,0.9299836773996785,0.2780221024086948,0.24048715213586758,0.34,2,966,322,24.504117211481283,0.11711811057146862,2.6937476332899406,0.012084694876969893,0.9999965516456715,0.012084778224274333,True,0.006041964988447789,0.005946127661682854,0.5063546560015388,6.842062167481083e-06
3,ordinary,32,-0.6620970431424213,0.6071933071276675,0.4392536775502609,0.34,4,420,140,10.45262419357458,0.03260408561531083,0.22820349963276748,0.000476643777585362,0.8409024966228672,0.0006740661919288129,True,0.00023832152277163815,0.0002408199152031474,0.020507512159013804,-1.3215118569143234e-05
4,ordinary,60,-0.4733045987938461,-0.5346591832551134,0.7000873620638866,0.34,2,402,134,4.451692329152907,0.015341381977838417,0.06814725921885215,0.00023434004288476362,0.9971557083701192,0.0002356810799280391,True,0.00011717717099039675,2.719662217704269e-05,0.002315983956348964,-7.484329224510431e-06
5,ordinary,19,-0.6941291659437355,-0.06401221152152489,0.716998701367288,0.34,3,1503,501,12.920008756200705,0.02109256280997193,0.06414830565339338,2.465158021907055e-05,0.6444390923058267,5.935855141170632e-05,True,1.2326817441536339e-05,1.7814153763368035e-05,0.0015170006791034567,1.2762580827930712e-06
6,ordinary,47,0.9056742527855355,-0.15381046623607256,0.3950904811781777,0.34,2,1128,376,17.78270689544488,0.024447040440093958,0.23678746598487804,0.000177305284295973,0.5023600219689771,0.0007025730359891351,True,8.867350395306249e-05,0.0002562088083207809,0.021817984810154033,-2.1926770682479714e-05
7,ordinary,3,0.3833757517204091,0.2715355201071502,0.8827748831457263,0.34,2,1482,494,26.372575940391982,0.06124543734873113,1.4182047951422134,0.0028918302461158943,0.8706283357440435,0.003815111191881857,True,0.0014457796997657917,0.0018117444442300665,0.15428280168495054,-1.6400029972144143e-05
8,ordinary,52,0.22609857504239012,-0.7378951416344619,-0.6359168139906808,0.34,1,72,24,2.235042692611477,0.002842174872553052,0.004930112772803476,4.865663378812414e-06,0.16016746857219263,2.195006373610997e-06,True,2.432940316977189e-06,5.436240623634889e-06,0.0004629341829743333,1.1722617127558183e-06
9,ordinary,45,-0.28005318057762923,-0.170536193982254,-0.944715630542017,0.34,0,0,0,0.0,0.0,0.0,0.0,0.0,0.0,False,0.0,5.323889985817468e-06,0.00045336673474576745,1.1117632430859576e-06
10,ordinary,21,0.4952640947332696,0.8115469616100099,0.31000807339421965,0.34,1,300,100,12.580196082737396,0.012139086047735061,0.04438524570661091,1.2448081871869183e-05,0.2571062065610471,0.0001883117093992677,True,6.224036533868799e-06,2.8266527127937535e-05,0.002407093899523541,-8.551392077205914e-06
11,ordinary,57,-0.2019481850333988,0.43680754802842464,-0.876593461387382,0.34,1,723,241,12.877867994117906,0.027567265465063093,0.3529553140151589,0.0007511929645686458,0.9790448721537202,0.0007836936245617821,True,0.0003756176408481037,0.00029598282696355685,0.025205022673038008,-1.7214469832677905e-05
12,ordinary,39,0.9111646964800946,0.41144646654423095,-0.02215177321580275,0.34,2,486,162,11.913664596450522,0.09209727322177774,0.32579678956680486,0.0007478299635323755,0.9570053105306598,0.0008165337134441753,True,0.0003736078070033684,0.00031214039611964645,0.026580953503547174,-1.8037047503802314e-05
13,ordinary,1,0.10954082714428218,-0.03216132967854721,-0.9934618543567006,0.34,1,72,24,0.016084711786095666,0.009112316401496068,0.00014656886940661012,8.303097214647683e-05,0.9997237640629304,8.307686233452019e-05,True,4.281674205769415e-06,5.323989372855997e-06,0.00045337519825219873,1.1122844526636794e-06
14,ordinary,14,-0.7127973559718079,0.3951789256662806,0.5794424441036778,0.34,3,906,302,9.078933263792788,0.03451971896041151,0.07630477082132361,7.063724248349801e-05,0.6248244114478949,0.0001809328253714033,True,3.532398569898974e-05,2.144428944155126e-05,0.0018261323034394798,-9.34260600177916e-06
15,ordinary,16,0.1329512488546472,-0.7347994631543643,0.6651268408176352,0.34,2,168,56,0.16977970549817925,0.0033619631425410535,5.7518144470423154e-05,1.1477255033678072e-07,0.9999993203019257,1.1477067932115536e-07,True,5.738649394917972e-08,5.323905290762279e-06,0.000453368038069629,1.1131284164938703e-06
16,ordinary,34,-0.3131667422143051,-0.42542216423430573,-0.8490833726726006,0.34,0,0,0,0.0,0.0,0.0,0.0,0.0,0.0,False,0.0,5.323889985817468e-06,0.00045336673474576745,1.1117632430859576e-06
17,ordinary,27,0.5034341674337869,-0.8587385829142539,-0.09550960828455368,0.34,1,366,122,5.289154539051664,0.00991771932769134,0.03575552593428672,4.569975039120858e-05,0.8294330264382228,6.648513772371166e-05,True,2.2860154225026394e-05,1.0632644790257648e-05,0.0009054446021822771,1.3244532889616803e-06
18,ordinary,37,-0.542470476878346,-0.11866467374225946,0.8316516559960805,0.34,2,1341,447,21.61716871950861,0.01837451346210751,0.3505182964094632,0.00026292008265981057,0.90037778133506,0.00032432024202050033,True,0.0001314670022583425,6.585846214785668e-05,0.00560831197092569,-2.3306277457168145e-05
19,ordinary,59,-0.781523160711253,0.6014155656215718,-0.1658941430550751,0.34,3,519,173,6.487744897014806,0.015399477593538812,0.0945357970889707,0.00021232691567099832,0.9996285637097001,0.00021248473289618515,True,0.0001061747699490842,1.037485138078928e-05,0.0008834916774221861,-2.0674648793149453e-05
20,ordinary,28,-0.6493954550563431,-0.05762821491972857,0.7582641570042268,0.34,3,1482,494,11.504961309939047,0.02094290467554781,0.11913773677995304,0.00010723297781166384,0.6587485296753489,0.00024710982852630786,True,5.361979500955426e-05,2.866230748837205e-05,0.0024407973851636837,-2.294054843394734e-05
21,ordinary,29,-0.6964847622173039,-0.274207694803546,-0.6631132000719266,0.34,0,0,0,0.0,0.0,0.0,0.0,0.0,0.0,False,0.0,5.323889985817468e-06,0.00045336673474576745,1.1117632430859576e-06
22,ordinary,54,-0.7343576670114568,-0.4429620672921749,0.5142989634849882,0.34,2,702,234,6.209501372086698,0.014731019529482461,0.015211424718058274,6.001037352809725e-06,0.30265624514921596,6.54937062437762e-05,True,3.000517716100423e-06,6.268322871089485e-06,0.0005337918476844139,1.1485796528403446e-06
23,ordinary,10,-0.9303291520397493,-0.23475722283477124,-0.28173873569657837,0.34,1,540,180,6.708842330957842,0.011168522784317137,0.07454189828903424,0.00012345415916378377,0.989166900232813,0.00012617197217474658,True,6.172634032380539e-05,2.0465965806472017e-05,0.0017428211544221169,-1.7804992715814345e-06
24,ordinary,24,-0.4317413815667745,-0.901991649818433,-0.0032315786597334473,0.34,1,456,152,7.607829338332327,0.007392917044898366,0.05089322054848073,4.475054662777143e-05,0.8564364314310456,5.994867496052161e-05,True,2.23753659411869e-05,2.1135695023976123e-05,0.0017998533149875182,-7.53243897568482e-05
25,ordinary,58,-0.8637096818464182,0.31447999401769083,0.39383742692561907,0.34,2,1416,472,10.071085137370087,0.03448954112248438,0.2712091302799542,0.0007251971309520572,0.9983803253050871,0.0007275520739954164,True,0.0003625840984999018,0.00026802138172732706,0.022823908645645947,-2.2082243639814795e-05
26,ordinary,40,0.10221584878828856,-0.028108218222356002,-0.9943650478193882,0.34,1,72,24,0.014969660434450586,0.009112316401496068,0.0001364081765627253,8.303047625356504e-05,0.9997237640629257,8.307636589331483e-05,True,3.992322963495762e-06,5.323976070880157e-06,0.0004533740654952544,1.112202616768902e-06
27,ordinary,36,0.4621884557617948,0.791082276367677,0.40071269430536116,0.34,1,300,100,16.808743659532027,0.012419511003751988,0.045918179494047626,7.462748650767413e-06,0.18577639304735924,0.00021623090963271335,True,3.7313497358131e-06,1.2245607730354893e-05,0.0010427997585370976,-2.318417529873965e-05
28,ordinary,12,0.8218087228545028,-0.5358589253334353,0.19361207395394175,0.34,2,252,84,14.197874007571345,0.021180104783313013,0.27364776707619015,0.00037148149236903525,0.9399125908704352,0.0004204955929805913,True,0.00018573936612748324,0.00011967855860149472,0.010191472302542038,-1.9664321409115977e-05
29,ordinary,25,0.8365966574612397,0.5428428903521777,-0.07367244477262025,0.34,2,348,116,13.652714151647096,0.03990175587958059,0.3108171768454179,0.000518289043340332,0.5887486179916919,0.001495244076062497,True,0.000259561278613811,0.0006515820376917416,0.0554868003723296,-2.1215289856503755e-05
30,ordinary,0,-0.09053078491479638,0.9780802746027036,-0.1875184082051966,0.34,2,1017,339,9.30250551480873,0.007865695552035703,0.022588110342964235,5.896033315488573e-06,0.3532737478841526,4.724298400128444e-05,True,2.9481860213502464e-06,7.29133206578414e-06,0.0006209082868762725,1.1257657401625085e-06
31,ordinary,30,-0.5952134970343526,-0.7082369216876196,0.3796331857287787,0.34,3,444,148,5.259877830913726,0.01601360845487704,0.020145006018536773,1.4668425134700365e-05,0.9479296149090668,1.631660656342254e-05,True,7.334069552909772e-06,7.001746221136501e-06,0.0005962480123089468,1.2667912183096045e-06
32,ordinary,42,0.6844811505394499,0.5617649192611891,0.4646565721515845,0.34,2,378,126,12.624980566484687,0.005532139621827737,0.011205403170407094,7.877592973472345e-07,0.41886639387360575,4.489960476881494e-06,True,3.939770631157524e-07,5.690854901414452e-06,0.0004846163822767383,1.1157651826838627e-06
33,ordinary,53,0.6647212552243967,0.36534229327494494,0.6516676005430273,0.34,3,786,262,12.411689498394571,0.015540859591993469,0.0007298596257683527,3.4579353982415943e-09,0.8996635495885942,4.272251218127288e-09,True,1.7291865456875444e-09,5.325291131928062e-06,0.0004534860522070137,1.1117318408568333e-06
34,ordinary,56,-0.018561228338597927,0.7144598751357881,0.6994301735152098,0.34,2,312,104,1.417072328425202,0.00521898905942387,0.0036009460254042506,6.457273572199838e-06,0.987536632035925,6.621293186162467e-06,True,3.228571600743385e-06,5.3833855041766215e-06,0.00045843319723134693,1.1467243852374413e-06
35,ordinary,41,-0.9653663379982736,0.0005985324098577668,-0.26089744195518105,0.34,1,624,208,2.9429651242179595,0.012577524319576207,0.014804531241407421,2.530574282390848e-05,0.8276398469955404,3.69433483911561e-05,True,1.2658022093933047e-05,6.303873976524002e-06,0.0005368192747406427,1.1436874534403096e-06
36,ordinary,44,0.20687823571934916,0.3005700875998836,-0.9310526397716983,0.34,1,378,126,5.563745069249311,0.009308462952746342,0.05122809688842425,8.477777211877986e-05,0.9972089075873899,8.525300832252418e-05,True,4.238888285686658e-05,1.6016939500609895e-05,0.0013639552247240929,1.3153197138482745e-06
37,ordinary,31,-0.593406366130394,-0.6802119998632914,0.4303260622805716,0.34,3,444,148,3.840059232000593,0.01601360845487704,0.014779659415563855,1.481334049650265e-05,0.9485171302813648,1.6457708297307916e-05,True,7.40623029064566e-06,6.275571861467932e-06,0.0005344091502783509,1.2181456246279036e-06
38,ordinary,26,0.9819360183157259,0.16711841116716275,0.08873044901960969,0.34,2,534,178,4.735678678807584,0.1108228905950468,0.4500375363635293,0.00903094135890844,0.999764640891467,0.009035193888393498,True,0.004517720490723724,0.00442397996973335,0.3767330577456929,-1.9026617168612335e-06
39,ordinary,46,0.10251310299780152,-0.9655598477755999,0.2391343640661514,0.34,1,480,160,4.771561119794114,0.007374726803004309,0.033213030299466664,4.8450249837457165e-05,0.818966282426809,7.226479317326589e-05,True,2.4224792358066086e-05,1.000494396216113e-05,0.0008519914550305828,1.2042886430539408e-06
40,ordinary,9,0.714206548540315,0.10462705109132231,-0.6920709401514158,0.34,2,138,46,0.05809033444203563,0.0022939849934583414,2.198251134382172e-05,1.432008418858131e-07,0.8715400401232841,1.8852486540532312e-07,True,7.159942831506949e-08,5.323892221506532e-06,0.0004533669251304399,1.1117027628735395e-06
41,ordinary,50,0.651875311044774,0.291202542271687,0.700185445596226,0.34,3,1539,513,5.471198263345854,0.04857820805963265,0.02304588136400941,1.7742782871918412e-05,0.9552676290343223,1.9443373346366325e-05,True,8.875861276326502e-06,7.503691293989784e-06,0.0006389921710551717,1.1208831904264624e-06
42,ordinary,61,-0.8421750102563922,0.45768279940416856,-0.285074915117429,0.34,1,600,200,6.184177775838349,0.015411476356653759,0.024313419796317626,1.545710531213438e-05,0.9841165547525205,1.596008176373741e-05,True,7.727906582467858e-06,7.663597530087676e-06,0.0006526093134676395,1.1615942627408071e-06
43,ordinary,15,-0.6272382509678468,-0.7530156217893326,0.1988457941823798,0.34,3,342,114,0.7715313474715838,0.007771874286658234,0.002421794649694425,9.852977046364836e-06,0.8779948500542712,1.277753543474692e-05,True,4.926514124106718e-06,5.350960927697976e-06,0.00045567201613955157,1.1155178800695493e-06
44,ordinary,33,0.3503220487946014,0.004048415618740396,0.9366205594899841,0.34,2,1716,572,11.66286526757091,0.061882393712713056,0.1820677132005298,0.00024369990377048092,0.592864843694364,0.0006933363341527937,True,0.00012185300529517044,0.0002505939987421206,0.02133984422278695,-2.3151403168191604e-05
45,ordinary,2,-0.34596656976924833,-0.7065394514716331,-0.6173403729841938,0.34,1,84,28,1.255712567604434,0.01373682400942754,0.017244632823324973,0.00018859380335001634,0.0009617063365692137,9.829937091665827e-07,False,9.430525543872512e-05,8.322026166270209e-05,0.0070867914993015015,-0.00014295622550239206
46,ordinary,49,0.8653113061707486,0.42255348572343276,0.2696013633423422,0.34,2,1104,368,8.845662243192063,0.11714274365561278,0.6218120874005296,0.004941486519461443,0.9965586367266643,0.0049756738143431145,True,0.0024722354514127264,0.0023935324334956078,0.20382614719176495,-1.3410554827101575e-05
47,ordinary,4,0.9217316045758901,0.38740281519018077,0.018163367217499893,0.34,2,666,222,11.93379628895389,0.11747439897648532,0.0333795192970812,7.823532947000707e-06,0.9809567991006791,8.13023028837373e-06,True,3.906441496129287e-06,8.293328867854319e-06,0.0007062353728210258,1.2469147865209963e-06
48,ordinary,7,-0.8310839208244348,-0.5476582592137998,0.09679848997786578,0.34,2,402,134,4.985706994031992,0.0035852284570712985,0.005416829808335183,1.1804208654885802e-06,0.4225029885870257,6.604164111468649e-06,True,5.897437552401796e-07,5.4475198754434795e-06,0.00046389469071894457,1.1271784281155083e-06
49,ordinary,62,0.26671951704248126,0.5691642295143805,0.7777613895469015,0.34,3,606,202,12.938210165313206,0.03016963208161589,0.04448128951811858,1.1819696772290083e-05,0.4195826842098307,6.713841558495536e-05,True,5.909912588888261e-06,1.1056557447437776e-05,0.0009415437510593451,1.244148530395845e-06
50,ordinary,43,0.5609139940261578,-0.6551839009546676,-0.5060726699155444,0.34,1,108,36,0.026516299867591582,0.0037963026399530325,8.270796129038495e-05,9.72887473212457e-06,0.9896074084961133,9.937594773791348e-06,True,2.165688348855499e-06,5.323921630308315e-06,0.0004533694294970727,1.1116951189881776e-06
51,ordinary,63,0.9789989615112473,-0.10211974530770654,0.17644429993113508,0.34,2,384,128,3.282933099087727,0.02262390749202062,0.06964129353882187,0.00044999697349338565,0.8868416951361727,0.0005721598341297912,True,0.00022499580321498798,0.0001904004220994477,0.016213937157115787,-2.296606100867627e-05
52,ordinary,18,0.06464714992576588,-0.25836535481162176,-0.9638817818796765,0.34,0,0,0,0.0,0.0,0.0,0.0,0.0,0.0,False,0.0,5.323889985817468e-06,0.00045336673474576745,1.1117632430859576e-06
53,ordinary,17,-0.993310828088557,-0.11518965216884439,0.00805871176094164,0.34,2,990,330,2.286974620526306,0.013402451387780996,0.010075536835348523,1.9409471009816524e-05,0.9928536992179539,1.968997493066722e-05,True,9.708509184075745e-06,5.783462045038171e-06,0.0004925025328979313,1.127942429196224e-06
54,ordinary,38,0.8724174945291708,0.2130233243125758,-0.43989632703429504,0.34,1,180,60,7.207707056838502,0.004530736948214323,0.002012265758840522,7.794287475552245e-08,0.39940940587824203,4.885846245898073e-07,True,3.897387648027495e-08,5.340481264742847e-06,0.0004547795990182625,1.1120947475108342e-06
55,ordinary,22,-0.9584519889542886,-0.20187357475346804,0.2015362118474595,0.34,2,1002,334,3.7675532192548813,0.005569164452189902,0.015159574034011677,1.6190311508402717e-05,0.9999794001630191,1.619111463428548e-05,True,8.09518803747411e-06,6.326389712678002e-06,0.0005387366482791135,1.1288382040905345e-06
56,ordinary,48,0.9995976390265562,0.014911359874456367,-0.024129057155829026,0.34,1,192,64,12.2483956296665,0.007228514666452289,0.08800610014629012,5.1625841168004996e-05,0.9960110111998306,5.204018826784802e-05,True,2.5812967212730104e-05,2.539399305763121e-05,0.002162477388782329,1.3060204262165085e-06
57,ordinary,55,0.25784708574466514,0.955897520822685,-0.14062293574672613,0.34,2,1011,337,5.880257291931623,0.009412457410734836,0.028904943276085296,2.416304064732801e-05,0.856659822207064,3.2925686131348204e-05,True,1.2081653112491764e-05,8.746559437276466e-06,0.0007448311484462302,1.1343428501529103e-06
58,ordinary,20,-0.15074433729515346,0.9882759891193067,0.024222182059035813,0.34,2,930,310,10.615586899058918,0.005122395400042017,0.003057822780445135,8.297296389877373e-08,0.89866955987405,1.0273997688865608e-07,True,4.1488354621602164e-08,5.352556268763825e-06,0.00045580787066918244,1.112192591416121e-06
59,ordinary,35,0.598422064901906,-0.7881950416821415,0.14366491745108223,0.34,1,349,118,5.51529964165346,0.004986196100343906,0.019589870042633052,1.2616093099498087e-05,0.8166753210642679,1.891733604398783e-05,True,6.308001769327748e-06,6.902659032265862e-06,0.0005878100401883562,1.1371239230710908e-06
60,ordinary,6,0.05897407126788873,-0.3856092199028043,-0.9207755364061541,0.34,0,0,0,0.0,0.0,0.0,0.0,0.0,0.0,False,0.0,5.323889985817468e-06,0.00045336673474576745,1.1117632430859576e-06
61,ordinary,11,0.912301737194985,0.3775965075444157,-0.15851314709282804,0.34,2,348,116,2.3103528375276587,0.03990175587958059,0.08138020669032127,0.001240740490503906,0.8880791451967882,0.0015731768911410777,True,0.00062032669294931,0.000690716392053526,0.058819366315775126,-1.4445778093321682e-05
62,ordinary,23,0.3392979902164363,0.8336214775755008,-0.43583495265974914,0.34,2,444,148,0.7502564116108639,0.006172097032784666,0.0045584306612129165,3.691571354750094e-05,0.9361658189846468,4.2121702275646096e-05,True,1.8457494771268596e-05,5.419810408215792e-06,0.00046153503439395893,1.1124593128218792e-06
63,invisible_control,-1,0.4430546892988436,0.8930075945343042,-0.07899353387689922,0.14068230090230238,0,0,0,0.0,0.0,0.0,0.0,0.0,0.0,False,0.0,5.323889985817468e-06,0.00045336673474576745,1.1117632430859576e-06
