method,target_regime,target_seed,selection_seed,active_k,birth_count,image_loss,residual_norm,geometry_rms_error,optimizer_steps,last_step_relative_improvement,gradient_norm,cumulative_scoring_seconds,cumulative_optimization_seconds,total_runtime_seconds,peak_allocated_mib,peak_reserved_mib,best_remaining_candidate_score,last_predicted_quadratic,last_predicted_raw,last_realized_birth_gain,last_new_only_gain,responsive_candidate_fraction,zero_jacobian_candidate_fraction,median_affected_pixels,median_affected_views,no_birth_continuation_gain,root_failures
quadratic,sparse,5,0,32,0,14.79565458238042,5.43978944121561,0.002837898765988333,4,9.315716111109366e-09,0.03603348076002276,0.10296747204847634,0.4159110158216208,0.6355184740386903,208.779296875,230.0,4.650679864842208,,,,,0.9969757795333862,0.0030241934582591057,693.0,1.0,1.4261889447197973e-09,0
quadratic,sparse,5,0,48,16,5.992593457308955,3.4619628701963157,0.00206042193117528,20,0.037285737413113,46.609357048230294,1.2698995228856802,2.1684954890515655,5.458932455163449,213.091796875,254.0,0.43620040266075993,0.4535082173097591,19.041168957637154,0.23209198695401678,0.2259811446667177,0.9969261884689331,0.003073770320042968,689.0,1.0,0.003311629394747939,0
quadratic,sparse,5,0,64,32,3.088821864037233,2.4854866179632644,0.0017985157137366758,36,0.027231792736182914,37.94947009445775,2.4422867682296783,3.975811627227813,10.33128205104731,216.142578125,254.0,0.23832104019975284,0.24136533783883693,7.863067181217962,0.0864688588425877,0.12060529819606103,0.9968750476837158,0.0031250002793967724,688.0,1.0,0.019199470766809945,0
quadratic,sparse,5,0,96,64,0.9416664924132574,1.3723457963744103,0.001079797907802333,68,0.023995038785883053,38.81517508993693,4.777248187921941,7.670599359087646,19.9943070220761,220.166015625,266.0,0.05777866942503093,0.05916483451679313,2.7381976987951995,0.023150829049794375,0.029608875377219457,0.9967672228813171,0.003232758492231369,686.0,1.0,0.015177257065332683,0
quadratic,sparse,5,0,128,96,0.32564137887747036,0.8070209153144302,0.0006993941330394202,100,0.020327121512853513,38.28813924277417,7.119973087217659,11.453790266765282,29.738853954011574,223.7685546875,266.0,0.016375887347670294,0.01768788256984152,0.8941887485168906,0.006756696059889711,0.008721076206605116,0.996651828289032,0.00334821455180645,686.0,1.0,0.004467314032537639,0
quadratic,sparse,5,0,192,160,0.19627482996833368,0.6265378359976892,0.0005404859384978001,164,0.0028147640383164806,36.31361216177375,11.82470301212743,19.392134299734607,49.47158233099617,227.67431640625,266.0,0.0003947909001458825,0.0003973719513995015,0.3693963872338243,0.0005540267877021665,3.0531133177191805e-16,0.9963942766189575,0.003605769481509924,686.0,1.0,6.494789369962395e-05,0
quadratic,sparse,5,0,256,224,0.18583525587958719,0.6096478588161975,0.0005138195314678884,228,0.0,35.21512349222662,16.50761310523376,28.01424734061584,69.9867304021027,235.23583984375,284.0,7.85749122241849e-05,8.557539391964921e-05,0.09414339206204864,7.771561172376096e-16,3.885780586188048e-16,0.99609375,0.00390625,681.0,1.0,0.0,0
raw,sparse,5,0,32,0,14.795654582380365,5.4397894412156,0.0028378987659883324,4,9.315713829981578e-09,0.03603348075823219,0.07380873593501747,0.4004245540127158,0.593095235992223,208.779296875,230.0,4.650679864842185,,,,,0.9969757795333862,0.0030241934582591057,693.0,1.0,1.4261889447197973e-09,0
raw,sparse,5,0,48,16,6.41683608388708,3.5824115017365274,0.0021762078164569696,20,0.0486047613443392,46.686022456070816,1.2389263983350247,2.160200914600864,5.455435296986252,214.71484375,254.0,0.5556907487976729,0.4973531582730895,21.389406401922923,0.32782252188247085,0.24915428877204526,0.9969261884689331,0.003073770320042968,688.0,1.0,0.005909152495757297,0
raw,sparse,5,0,64,32,3.399657709509326,2.6075496963660445,0.0018229755431717414,36,0.04695027093292719,40.55500755988154,2.391780099598691,3.9317732679191977,10.156440179096535,218.07470703125,254.0,0.29306475895495254,0.3192542870219018,12.096590082588234,0.16747798742561315,0.15976447395601445,0.9968750476837158,0.0031250002793967724,686.0,1.0,0.012108669071129174,0
raw,sparse,5,0,96,64,1.4115811613731055,1.6802268664517335,0.0014303332115725548,68,0.02794187020962172,39.68964079600708,4.69521508179605,7.638412318658084,19.65160085191019,226.78955078125,266.0,0.13570801879869898,0.09289022000436059,4.758116210063988,0.04057598655127914,0.04616173232872178,0.9967672228813171,0.003232758492231369,684.0,1.0,0.01729908570986982,0
raw,sparse,5,0,128,96,0.6221346223081881,1.1154681728388203,0.0010312835216217577,100,0.003547315414226105,38.2235951971537,7.02239840826951,11.604173047235236,29.510381072061136,231.97412109375,266.0,0.06287737968912589,0.003969374439663081,2.6701147042517,0.002214764202634778,4.107825191113079e-15,0.996651828289032,0.00334821455180645,682.0,1.0,0.0018906390224494585,0
raw,sparse,5,0,192,160,0.21649577439043022,0.6580209333910741,0.000597567710278537,164,0.0003678754694192694,36.62481620847117,11.667023645015433,20.03740035695955,49.49539993307553,236.3388671875,278.0,0.007431836774870131,0.0027918436659876943,0.5912608780833957,7.967279429443863e-05,0.0009475975373073875,0.9963942766189575,0.003605769481509924,680.0,1.0,5.2830969659634075e-05,0
raw,sparse,5,0,256,224,0.19224426329457037,0.6200713883006865,0.0005532377288866551,228,0.0,35.503434131100974,16.304402358597144,29.156185511499643,70.18242892809212,247.97314453125,298.0,0.0014432773396605989,3.236302300986068e-05,0.2247628611655924,0.0,6.106226635438361e-16,0.99609375,0.00390625,671.0,1.0,3.3306690738754696e-16,0
local_residual,sparse,5,0,32,0,14.795654582380418,5.43978944121561,0.0028378987659883337,4,9.315714910515776e-09,0.03603348075753027,0.0716559998691082,0.41022967803291976,0.5948298119474202,208.779296875,230.0,4.6506798648421865,,,,,0.9969757795333862,0.0030241934582591057,693.0,1.0,1.4262067082881913e-09,0
local_residual,sparse,5,0,48,16,9.318747067613042,4.31711641437037,0.002467458540854392,20,0.0008520768358036501,34.81052797658566,1.2209920575842261,2.1600817993748933,5.381618483923376,217.8857421875,260.0,1.087049176365079,0.011478538703771465,10.017644480748427,0.007947060020786267,1.2434497875801753e-14,0.9969261884689331,0.003073770320042968,688.0,1.0,0.0004343009675871201,0
local_residual,sparse,5,0,64,32,7.674992578527441,3.9179057105875943,0.002375470856430653,36,0.0001717654389865812,33.799618734667916,2.3826956504490227,4.080245448276401,10.322307620896026,224.37451171875,260.0,0.6939443137602942,0.0043865347539184096,2.4027524948668053,0.0013185249464839899,0.0,0.9968750476837158,0.0031250002793967724,685.0,1.0,3.258584838050638e-05,0
local_residual,sparse,5,0,96,64,4.7044780856311075,3.0674021860952982,0.001948426885801393,68,0.002553202219576162,43.069979716365175,4.715237560449168,8.277021035552025,20.45334590994753,233.14794921875,278.0,0.4029386375453597,3.9231715204035126e-05,0.29783163827853104,0.012042230138903598,3.552713678800501e-15,0.9967672228813171,0.003232758492231369,677.0,1.0,0.0015801189779960367,0
local_residual,sparse,5,0,128,96,2.991514439262428,2.446023073996821,0.001767433725790209,100,0.04236474379158937,41.242051305832156,7.037827895255759,12.768446979811415,30.82420931197703,244.5390625,278.0,0.2269259834367645,0.2590146740121842,11.493369892770692,0.13234135016079085,0.12969621345599913,0.996651828289032,0.00334821455180645,671.0,1.0,0.021566422386631423,0
local_residual,sparse,5,0,192,160,1.1013857052209866,1.484173645649987,0.0012162454166719375,164,0.04326080103546155,39.389248891945826,11.706307818414643,22.516240429366007,52.23961999081075,255.44970703125,300.0,0.07884088509065285,0.07820765626277593,6.972044903964431,0.0498012707208324,0.03565402737109857,0.9963942766189575,0.003605769481509924,663.0,1.0,0.007027165121050949,0
local_residual,sparse,5,0,256,224,0.4603072944706627,0.959486627807457,0.0007981034692646946,228,0.0028832395488357534,36.669537173531594,16.378121415618807,33.10459738201462,74.59876253199764,266.8525390625,300.0,0.03149602586052365,0.0005885770306696409,0.2765193923732694,0.0013310138277396466,0.0,0.99609375,0.00390625,654.0,1.0,0.0007961780547053876,0
uniform,sparse,5,0,32,0,14.795654582380484,5.439789441215622,0.002837898765988333,4,9.31571022820073e-09,0.03603348075975512,0.07377673499286175,0.4175460720434785,0.6093320520594716,208.779296875,230.0,4.650679864842243,,,,,0.9969757795333862,0.0030241934582591057,693.0,1.0,1.4263665804037373e-09,0
uniform,sparse,5,0,48,16,14.256543898763312,5.339764769868297,0.0028151455608169023,20,0.000842757640628752,9.225826601813564,1.2446120893582702,2.2023781877942383,5.522149580996484,222.43212890625,260.0,4.6512281562436275,0.02192082452060096,9.216999128557543,0.012024945414268018,2.3092638912203256e-14,0.9969261884689331,0.003073770320042968,688.0,1.0,1.9368495269844743e-06,0
uniform,sparse,5,0,64,32,11.195205035909908,4.731850596946169,0.0025044723060848595,36,0.0008847174205526324,33.645289895149915,2.4126210880931467,4.167553199687973,10.647474437020719,229.7529296875,260.0,1.6726751580126473,0.013533550951303675,10.877966026291519,0.009913363447266121,8.881784197001252e-15,0.9968750476837158,0.0031250002793967724,685.0,1.0,2.9522522410729835e-05,0
uniform,sparse,5,0,96,64,9.984501926249376,4.4686691366108935,0.0023178517437581537,68,0.0044601069079110035,33.03408392636811,4.763523606816307,8.567383031826466,21.144615835975856,238.9140625,272.0,1.6628419307528384,0.03126155741804693,10.697023432242965,0.04473145307618154,0.0,0.9967672228813171,0.003232758492231369,676.0,1.0,0.0009089974109262045,0
uniform,sparse,5,0,128,96,8.05830854573069,4.014550671178704,0.002040186691324935,100,0.0010234363533752158,35.81480480861658,7.105999545427039,13.368914367863908,32.056712018093094,250.7451171875,292.0,1.6153688772783805,0.008324519264688093,4.383970400274236,0.008255615008936346,8.881784197001252e-15,0.996651828289032,0.00334821455180645,669.0,1.0,0.000695847406813499,0
uniform,sparse,5,0,192,160,6.864151818997635,3.7051725517167577,0.0017845570726453758,164,0.0002384253464007244,42.7067858522455,11.787402370246127,23.740043584490195,54.2976445320528,263.44970703125,310.0,1.5942134545506115,0.0032745504222638526,1.961693373951442,0.0016369780722556015,6.217248937900877e-15,0.9963942766189575,0.003605769481509924,657.0,1.0,0.0006183718865280241,0
uniform,sparse,5,0,256,224,5.020619085424048,3.168791279154892,0.0015464315913363193,228,0.00017450978414496605,43.02966512084698,16.47078470676206,34.876931487582624,77.33618264412507,275.88671875,310.0,0.8823275586791652,7.153739966645334e-05,0.31882911774886086,0.0008763000758049699,1.7763568394002505e-15,0.99609375,0.00390625,647.0,1.0,0.00039798098907350976,0
random,sparse,5,101,32,0,14.795654582380342,5.439789441215596,0.0028378987659883337,4,9.31572199401801e-09,0.036033480757903004,0.07394860219210386,0.3977665170095861,0.5897092130035162,208.779296875,230.0,4.650679864842224,,,,,0.9969757795333862,0.0030241934582591057,693.0,1.0,1.4261143377325425e-09,0
random,sparse,5,101,48,16,14.500709403019043,5.385296538356832,0.0028155633456970757,20,5.996796790669669e-07,0.040482720570961604,1.2387664259877056,2.1116392640396953,5.302517213160172,211.57373046875,254.0,4.50513526204283,1.6521819978226635e-05,0.03711477775254106,8.695785977508308e-06,0.0,0.9969261884689331,0.003073770320042968,693.0,1.0,7.70724639664877e-08,0
random,sparse,5,101,64,32,14.091889902021911,5.308839779466303,0.002777649843355915,36,0.00012229613471359424,3.347710792819072,2.4076784988865256,3.8739386058878154,10.120502378093079,216.34228515625,266.0,4.041726276917086,0.004390055905388944,1.9855266870888013,0.001723594454768218,0.0,0.9968750476837158,0.0031250002793967724,692.0,1.0,0.0003512913893803926,0
random,sparse,5,101,96,64,13.972219064606897,5.286249911725116,0.0027643365950731484,68,0.00010197106924566763,3.373728341515726,4.742943759541959,7.5005062038544565,19.61603132309392,221.794921875,266.0,4.035954274874246,0.004893399680327079,0.4873078371784675,0.0014249074170855636,0.0022941825906350743,0.9967672228813171,0.003232758492231369,692.0,1.0,0.00044470581862476877,0
random,sparse,5,101,128,96,13.702514438503322,5.234981268066453,0.0027429684010593855,100,0.00011223355364878503,3.7853389477708297,7.070096155861393,11.23542211460881,29.222136904019862,223.79296875,266.0,3.8617407598848903,0.0029843118964059537,0.32508714781379083,0.0015380545106804533,0.0014454536492696235,0.996651828289032,0.00334821455180645,693.0,1.0,0.00036734321125564406,0
random,sparse,5,101,192,160,12.937784785121885,5.086803472736466,0.002586004017940438,164,7.50923410845362e-05,4.019115985753359,11.740351651562378,19.14613086404279,48.736005638027564,228.9384765625,266.0,3.847147531871331,0.0004265813352731095,0.19855284314709676,0.0009716015077962936,0.0,0.9963942766189575,0.003605769481509924,697.0,1.0,0.0003239234513099376,0
random,sparse,5,101,256,224,12.039438183446183,4.907023167552031,0.00251031794268622,228,2.9035674332893546e-05,3.9313503805750445,16.42579771205783,27.63323789020069,68.86347878514789,237.1865234375,278.0,3.2387075729887744,4.682699884390516e-05,0.11280009811172353,0.0003495833566322659,0.0,0.99609375,0.00390625,698.0,1.0,9.562726150846856e-05,0
random,sparse,5,211,32,0,14.795654582380386,5.439789441215604,0.0028378987659883332,4,9.315708787488482e-09,0.03603348075912335,0.07409248291514814,0.39788528298959136,0.5895464820787311,208.779296875,230.0,4.650679864842235,,,,,0.9969757795333862,0.0030241934582591057,693.0,1.0,1.426263551707052e-09,0
random,sparse,5,211,48,16,13.39854023631761,5.176589656582335,0.002767928416281183,20,2.5221590347961896e-05,0.5816585553100748,1.2412331004161388,2.1218048811424524,5.348456253064796,211.91943359375,254.0,4.650222253439055,0.0006614478125105388,0.5810150671930729,0.0003379410165127439,0.0,0.9969261884689331,0.003073770320042968,693.0,1.0,2.5917493928773183e-07,0
random,sparse,5,211,64,32,12.643179331807024,5.028554331377364,0.0027023312762020756,36,6.054063402779012e-05,3.561004012068573,2.418771280441433,3.881832131417468,10.119780715089291,214.71142578125,254.0,4.212792802055537,0.000659573869446691,0.31493555565180675,0.0007654724350611986,0.0,0.9979166984558105,0.0020833334419876337,692.0,1.0,0.0002550979272548659,0
random,sparse,5,211,96,64,12.039790906657538,4.907095048326971,0.0026628313640591444,68,2.2268666356119986e-05,2.9969969042561373,4.7678480595350266,7.498035198776051,19.62217105203308,218.36328125,254.0,4.081496547571993,7.234698416467283e-05,0.025854304316467482,0.0002681160572830521,0.0,0.9978448152542114,0.0021551724057644606,693.0,1.0,8.471596535564174e-05,0
random,sparse,5,211,128,96,11.332119479487421,4.7606973185632,0.0025158512902214466,100,0.004210552330780069,13.333325536737911,7.126329471589997,11.238707290962338,29.243878599023446,223.0400390625,266.0,4.002064630767571,0.09948188469187208,12.846382225380552,0.04791623590581473,0.04968960227956032,0.9977679252624512,0.0022321429569274187,692.0,1.0,0.002602948529890625,0
random,sparse,5,211,192,160,8.379375977277835,4.093745467729481,0.0022692373619075685,164,6.186399564190924e-05,32.93382705879857,11.805003204615787,19.096283898921683,48.62669947510585,228.658203125,266.0,1.3940253573078643,3.816493462635968e-06,0.03177377998047886,0.0005184137500808816,1.7763568394002505e-15,0.9975962042808533,0.0024038462433964014,691.0,1.0,0.0007897877907829809,0
random,sparse,5,211,256,224,7.554096271267316,3.8869258473161836,0.002204164358820439,228,0.0012425993323319905,30.18244297684627,16.48192282114178,27.548360056709498,68.63722316897474,233.1220703125,284.0,1.3819752661094211,8.414691905604632e-07,0.028028858681105384,0.009398393420438467,0.0,0.9973958730697632,0.0026041667442768812,688.0,1.0,0.001981468107509876,0
random,sparse,5,307,32,0,14.795654582380438,5.439789441215614,0.002837898765988333,4,9.31570506564832e-09,0.03603348075817631,0.07263846485875547,0.4038107411470264,0.5924893589690328,208.779296875,230.0,4.650679864842194,,,,,0.9969757795333862,0.0030241934582591057,693.0,1.0,1.42624045906814e-09,0
random,sparse,5,307,48,16,14.655633283109552,5.413988046368324,0.0028292197456978507,20,0.000653224485889725,0.41169502964063076,1.2430824264883995,2.119405588833615,5.247842821991071,211.974609375,254.0,4.643787700667567,0.02862178452333294,0.4102955014627403,0.009579676195807352,0.00970423269547993,0.9969261884689331,0.003073770320042968,696.0,1.0,0.00012223924074206138,0
random,sparse,5,307,64,32,14.359335387716408,5.358980385804077,0.002797558035811289,36,9.583121791878582e-06,1.9282110984626122,2.40854207216762,3.8276189705356956,9.931491115828976,214.244140625,254.0,4.647470572570412,0.000862880164570893,0.16771797647356612,0.0001376085785889103,0.0003597475748033929,0.9968750476837158,0.0031250002793967724,697.0,1.0,8.78539892568142e-05,0
random,sparse,5,307,96,64,13.943152812419903,5.280748585649558,0.00274217688117429,68,0.00010061820669443375,2.8924815478012906,4.762753304326907,7.391029303893447,19.433979333844036,217.0439453125,266.0,4.243271504618507,0.004998963229855244,0.5315958985388355,0.001403076206667464,0.0024042834002173663,0.9967672228813171,0.003232758492231369,699.0,1.0,0.00046296014896007875,0
random,sparse,5,307,128,96,12.632340232660258,5.026398359195231,0.002652678813228167,100,1.3667691593042376e-05,9.949574358219825,7.126031142426655,11.10384604614228,29.11929809488356,218.08251953125,266.0,4.245920053545468,1.1944773409230659e-05,0.05020297031575172,0.00017265729022497567,0.0,0.996651828289032,0.00334821455180645,694.0,1.0,0.00010652721019432931,0
random,sparse,5,307,192,160,11.730352802808278,4.843625254457302,0.0024880718935974574,164,0.00024753779941750977,10.64407169469235,11.855665640207008,18.93744471576065,48.813503831857815,225.6279296875,266.0,3.8944223839692933,0.023573196274017133,1.0527460064141998,0.002904424674092354,0.011942104083084715,0.9963942766189575,0.003605769481509924,700.0,1.0,0.0023227826747245217,0
random,sparse,5,307,256,224,10.75498450853757,4.637884109922879,0.0024018517993341275,228,7.550106950481245e-05,11.543591443073868,16.58481275383383,27.253361018607393,68.98987273685634,232.34130859375,266.0,3.655115567018597,0.00014477757496662692,0.4533793322205991,0.0008120741453634395,0.0,0.9973958730697632,0.0026041667442768812,705.0,1.0,0.00039741734199871814,0
random,sparse,5,401,32,0,14.795654582380342,5.439789441215596,0.002837898765988335,4,9.31571575093134e-09,0.036033480760854025,0.07673759711906314,0.40980111504904926,0.6064467129763216,208.779296875,230.0,4.650679864842234,,,,,0.9969757795333862,0.0030241934582591057,693.0,1.0,1.42624045906814e-09,0
random,sparse,5,401,48,16,14.59537480965389,5.402846436769027,0.002814175256837952,20,0.00024289914970859026,3.069132602033652,1.2584133469499648,2.1525620606262237,5.3776392170693725,212.9140625,254.0,4.457588967125878,0.006558353657016573,3.06226832526566,0.0035460654672299086,0.0,0.9969261884689331,0.003073770320042968,693.0,1.0,1.0645531006048259e-05,0
random,sparse,5,401,64,32,14.515337699114347,5.388012193585747,0.0028044160487204805,36,2.4743880205838158e-05,1.9836574879380051,2.435564786195755,3.9187057355884463,10.167274623177946,213.17578125,266.0,4.458417496227109,0.0006852732673115407,1.9826631214908108,0.00035917466455437363,0.0,0.9968750476837158,0.0031250002793967724,693.0,1.0,3.1604223948988874e-07,0
random,sparse,5,401,96,64,14.070620392025273,5.304831833720137,0.0027667307113048174,68,4.2067924670716585e-05,5.688352864381432,4.787488964851946,7.550043105846271,19.751937404973432,218.453125,278.0,3.7824484538556176,0.0011761922317680322,0.4021958708574665,0.0005919467006911816,1.7763568394002505e-15,0.9967672228813171,0.003232758492231369,692.0,1.0,9.75519716135409e-05,0
random,sparse,5,401,128,96,13.9493050999724,5.281913497961208,0.002747227436811359,100,1.0216091238482803e-05,5.456370800218354,7.150702074170113,11.306572887813672,29.456576656084508,224.28857421875,278.0,3.6478733543297173,3.644191343446173e-08,0.003973440269881119,0.00014250882949795596,0.0,0.996651828289032,0.00334821455180645,692.0,1.0,2.7447373176059386e-05,0
random,sparse,5,401,192,160,12.549859709116404,5.009962017643727,0.0026687467022976055,164,7.34067165121483e-05,5.593860291599384,11.875989193096757,19.133185132639483,49.18063337402418,228.63037109375,278.0,3.633901232329823,0.0005247564501662189,0.9287061151756146,0.0009213116243973474,0.0,0.9963942766189575,0.003605769481509924,692.0,1.0,0.0006031414969633886,0
random,sparse,5,401,256,224,10.725581813911447,4.63154009243393,0.002489270807377389,228,0.0,10.324412214043313,16.593451536959037,27.4889490485657,69.41342966607772,231.7109375,278.0,3.6165953895287624,0.0010481382774427108,0.3315847940706234,0.0,1.7763568394002505e-15,0.99609375,0.00390625,692.0,1.0,0.0,0
random,sparse,5,503,32,0,14.795654582380525,5.43978944121563,0.002837898765988333,4,9.315704945588907e-09,0.036033480758719996,0.07456073490902781,0.4118059000466019,0.6065878618974239,208.779296875,230.0,4.650679864842248,,,,,0.9969757795333862,0.0030241934582591057,693.0,1.0,1.4263790149016131e-09,0
random,sparse,5,503,48,16,14.479586696664787,5.381372816794017,0.0028141749288904602,20,1.3332051974829233e-05,0.9441500970239445,1.2613290187437087,2.1589851363096386,5.456116138026118,213.24169921875,242.0,4.6499787120058755,0.0007098757923981119,0.17668214620474476,0.00019304517610585492,9.971640889538946e-05,0.9969261884689331,0.003073770320042968,693.0,1.0,8.66395583791757e-05,0
random,sparse,5,503,64,32,13.90919357842562,5.2743139038979505,0.002790326425464247,36,8.435559596334715e-05,1.3469001033828847,2.4501193377655,3.941446997458115,10.288260764908046,216.25,262.0,4.16842969954513,0.00028570521177340917,0.34948194388629505,0.0011734172979895874,0.0,0.9968750476837158,0.0031250002793967724,694.0,1.0,0.0003685226088414595,0
random,sparse,5,503,96,64,13.510446772340913,5.198162516186064,0.0027721389852303534,68,3.2602957043277353e-06,1.4945792783612888,4.817969138966873,7.540879194624722,19.85589428897947,218.37890625,262.0,4.163141206669821,7.17489856114354e-06,0.07774037113202398,4.404819518200043e-05,0.0,0.9967672228813171,0.003232758492231369,697.0,1.0,1.7161522810837937e-05,0
random,sparse,5,503,128,96,12.43914104518083,4.987813357610894,0.0027131510352124254,100,0.0001777918412269058,9.944585152105464,7.18024691962637,11.260896120918915,29.577816678909585,220.978515625,262.0,4.022157243334103,0.002627178898830356,0.9695787526567021,0.002211971060116724,1.7763568394002505e-15,0.996651828289032,0.00334821455180645,694.0,1.0,0.00045936701873650065,0
random,sparse,5,503,192,160,11.443913362979869,4.784122356917696,0.0026034534119071676,164,8.238301823450291e-05,9.736297128114265,11.922079356620088,19.15823967475444,49.31882678181864,226.6123046875,262.0,4.02582619251402,9.305011116406606e-05,0.2641603914290941,0.0009428617990590027,0.0,0.9963942766189575,0.003605769481509924,698.0,1.0,0.0003738964992141547,0
random,sparse,5,503,256,224,9.197038497424016,4.288831658487895,0.002443235079836174,228,3.913415615948231e-05,14.833726933939115,16.65298937354237,27.707406277069822,69.77486826782115,236.46337890625,280.0,3.0008967339544763,0.00036388971404534835,0.3507796069194925,0.0003599324264111914,0.0,0.9973958730697632,0.0026041667442768812,694.0,1.0,0.0003831595458727577,0
quadratic,sparse,17,0,32,0,18.523056907647373,6.086551882247842,0.002966813197624921,4,1.4803437069266529e-09,0.01507864235196676,0.07490786397829652,0.41030543902888894,0.6065297601744533,210.13916015625,230.0,2.9938847729906137,,,,,0.9969757795333862,0.0030241934582591057,694.0,1.0,2.9833913117727207e-10,0
quadratic,sparse,17,0,48,16,7.328236648977427,3.8283773714140112,0.0021067708486364987,20,0.04826470995230111,41.4708393387945,1.2635644173715264,2.198443471454084,5.539631333202124,214.7392578125,248.0,0.6579549244486984,0.6641699301405068,24.188925578318234,0.37163192331241124,0.33279824704004213,0.9969261884689331,0.003073770320042968,688.0,1.0,0.001582985335856435,0
quadratic,sparse,17,0,64,32,3.798327378820144,2.756202960168262,0.0017570969879156736,36,0.02571661426333714,34.53404163780427,2.4470029764343053,4.03943660762161,10.456238710088655,221.19921875,248.0,0.28265577350860566,0.30446984117721093,8.447318922770155,0.10025842734979173,0.14712209713823965,0.9968750476837158,0.0031250002793967724,688.0,1.0,0.04126974805705874,0
quadratic,sparse,17,0,96,64,1.378352955915413,1.6603330725582823,0.0013535829343389247,68,0.015740426459112812,35.75043049232462,4.81148715224117,7.801069250097498,20.1867583792191,221.19921875,260.0,0.07102540668046432,0.06901609314451256,2.4677804922781763,0.022042826831988327,0.03467517306938417,0.9967672228813171,0.003232758492231369,692.0,1.0,0.011724689591666504,0
quadratic,sparse,17,0,128,96,0.6786801574492319,1.1650580736162743,0.0009631425743569496,100,0.026616655208733648,33.918793103853474,7.197565517155454,11.68775189598091,30.134006224106997,224.6552734375,272.0,0.0218996288862037,0.023616528549754184,3.0472329028695446,0.018558151672204537,0.011788151567869387,0.996651828289032,0.00334821455180645,693.0,1.0,0.005538423022316552,0
quadratic,sparse,17,0,192,160,0.4377488958184256,0.9356803896827437,0.0007717584187319959,164,0.0,30.999014972147748,11.93642282183282,19.833787897834554,50.33589620818384,228.33203125,272.0,0.0007660151865465407,0.0008065886531951131,0.6567140958174198,5.218048215738236e-15,3.3306690738754696e-16,0.9963942766189575,0.003605769481509924,690.0,1.0,0.0,0
quadratic,sparse,17,0,256,224,0.41861268808638624,0.915000205558869,0.0007493429697889243,228,0.0,30.627930687642255,16.64386928989552,28.712920936290175,71.15268141310662,242.21533203125,292.0,0.00013087166363298858,0.00013595166907480902,0.08421220197278334,0.0,5.551115123125783e-17,0.99609375,0.00390625,683.0,1.0,2.220446049250313e-15,0
raw,sparse,17,0,32,0,18.523056907647273,6.086551882247825,0.002966813197624922,4,1.4803559820967855e-09,0.015078642354232829,0.07446384709328413,0.41094799898564816,0.604852729011327,210.13916015625,230.0,2.9938847729906426,,,,,0.9969757795333862,0.0030241934582591057,694.0,1.0,2.9827873504473246e-10,0
raw,sparse,17,0,48,16,7.627680765261192,3.9058112512668073,0.002126189481573151,20,0.0627911647419296,40.078948487647004,1.2581666295882314,2.187470448669046,5.511704450938851,215.35888671875,254.0,1.052158537587303,1.0798566283649629,27.97698501961915,0.5110397400366926,0.5146079598338407,0.9969261884689331,0.003073770320042968,688.0,1.0,0.004421621857415126,0
raw,sparse,17,0,64,32,4.111786794928873,2.8676773859445466,0.0018512618520109684,36,0.04514341613931774,36.81395443464713,2.441002640640363,4.037082197144628,10.427905113901943,218.95263671875,254.0,0.32447138119338803,0.39611200665988,11.369812682611537,0.19439579251695083,0.1933669059859513,0.9968750476837158,0.0031250002793967724,686.0,1.0,0.04077733861781763,0
raw,sparse,17,0,96,64,1.880911996795857,1.9395422123768573,0.0015420318576903089,68,0.01353969300719928,36.97208630027712,4.818867580266669,7.870275028515607,20.235114543000236,224.3857421875,266.0,0.18041636628954116,0.003734174178358102,6.21547953994453,0.025816518748545736,3.9968028886505635e-15,0.9967672228813171,0.003232758492231369,685.0,1.0,0.003196749417010869,0
raw,sparse,17,0,128,96,0.9123216381138314,1.3507935727666396,0.0012717578483354705,100,0.004067037747611348,34.82030166148511,7.190001774113625,11.908131779637188,30.3520306549035,227.72314453125,266.0,0.06928325451720535,0.007994845879000578,2.900932277036052,0.003725598690675236,0.0,0.996651828289032,0.00334821455180645,684.0,1.0,0.00040696211901436463,0
raw,sparse,17,0,192,160,0.4805194207346257,0.9803258853408143,0.0008799009695162728,164,0.00229378849659601,31.692276389028137,11.931564002064988,20.671623184112832,51.15710150380619,237.72021484375,284.0,0.02003154823816863,0.0023034307074031504,0.9009702915934799,0.0011047439686780458,0.0,0.9963942766189575,0.003605769481509924,680.0,1.0,0.002748733507008938,0
raw,sparse,17,0,256,224,0.4376613456416982,0.9355868165399704,0.0008062930505397958,228,0.0,31.40365399684037,16.659914849093184,30.224638614570722,72.74603564082645,249.533203125,284.0,0.005641256122617707,0.0004888906102734242,0.2717799475333246,4.996003610813204e-16,4.440892098500626e-16,0.99609375,0.00390625,672.0,1.0,0.0,0
local_residual,sparse,17,0,32,0,18.523056907647295,6.086551882247829,0.002966813197624923,4,1.4803504199103212e-09,0.015078642351799341,0.07460005301982164,0.41786729195155203,0.6145429331809282,210.13916015625,230.0,2.9938847729906346,,,,,0.9969757795333862,0.0030241934582591057,694.0,1.0,2.9826097147633845e-10,0
local_residual,sparse,17,0,48,16,12.140840669542524,4.92764460356924,0.0024363498310407015,20,0.028794098349297324,54.10974567681033,1.2650485935155302,2.2641945455688983,5.697875163052231,218.47607421875,260.0,1.695848643081317,0.6962275277962852,48.46111450258161,0.3599489662159012,0.3475749639483574,0.9969261884689331,0.003073770320042968,688.0,1.0,0.0,0
local_residual,sparse,17,0,64,32,8.917509563680845,4.223152747339562,0.0021949371754994068,36,0.0008060258717898312,28.8513087399064,2.447119211545214,4.217063879594207,10.792877559084445,222.98095703125,272.0,1.0744415435395858,0.011079863012781226,8.313595663855953,0.007193541600898357,0.0,0.9968750476837158,0.0031250002793967724,685.0,1.0,0.0,0
local_residual,sparse,17,0,96,64,5.360959201892747,3.274434058548972,0.0019465863747944278,68,0.004685846616399084,36.07225416929277,4.808484533801675,8.436596480431035,21.07198639609851,231.9228515625,272.0,0.4407156410850456,0.013002223769416994,3.3211132782931436,0.025238898142296406,0.001298447355829957,0.9967672228813171,0.003232758492231369,678.0,1.0,0.00545243851413435,0
local_residual,sparse,17,0,128,96,4.317427858855899,2.9385125008602224,0.0019425167143801785,100,0.00854149355049625,36.6838076245991,7.17159747867845,13.002763752592728,31.78284885804169,240.62890625,272.0,0.32569492879508727,0.010803272889991052,3.239048930875367,0.03719498291784351,0.0,0.996651828289032,0.00334821455180645,672.0,1.0,0.008422736636769734,0
local_residual,sparse,17,0,192,160,2.046363533136249,2.023048953009417,0.0016094657372432858,164,0.010781031540898144,34.19859591571978,11.909678405383602,22.80483421892859,53.56178552797064,251.12548828125,292.0,0.1335573608726891,0.004556505727146742,1.4017569461878412,0.02230235215691989,1.3322676295501878e-15,0.9963942766189575,0.003605769481509924,664.0,1.0,0.010769700819845518,0
local_residual,sparse,17,0,256,224,0.8941658320698657,1.3372851842968019,0.001314144808446907,228,0.007379143354035596,32.31444098028338,16.65812011458911,33.3546365655493,76.23948791716248,265.86181640625,312.0,0.04829361330345009,0.0020934802752582506,0.9746811293871759,0.006647228710678577,2.220446049250313e-15,0.99609375,0.00390625,657.0,1.0,0.0027269017537636664,0
uniform,sparse,17,0,32,0,18.523056907647305,6.08655188224783,0.002966813197624923,4,1.4803517625070526e-09,0.015078642353389921,0.07644577883183956,0.4319271089043468,0.6285606229212135,210.13916015625,230.0,2.993884772990621,,,,,0.9969757795333862,0.0030241934582591057,694.0,1.0,2.9821833891219285e-10,0
uniform,sparse,17,0,48,16,16.778395514205876,5.792822371557042,0.002845443744702644,20,0.05348492234831951,82.09230021849035,1.2676892594899982,2.260005071759224,5.700896645896137,222.26611328125,248.0,2.5201589648152924,1.7327511178091595,82.09209322525098,0.948100249425643,0.8657765886797542,0.9969261884689331,0.003073770320042968,688.0,1.0,3.704103009027904e-05,0
uniform,sparse,17,0,64,32,15.994985706245322,5.6559677697535236,0.002701297645154435,36,0.0011524013180387225,15.137400504419873,2.4601861687842757,4.28646735008806,10.96936932997778,226.6689453125,266.0,2.5245685874535586,0.025453030737017508,14.920421376166367,0.018453908918841577,0.0,0.9968750476837158,0.0031250002793967724,685.0,1.0,2.448532995735775e-05,0
uniform,sparse,17,0,96,64,15.263967675840394,5.525209077644102,0.002659183721298601,68,0.00019694407721966063,5.692681252877135,4.826738406904042,8.753215145785362,21.67056839587167,237.98291015625,286.0,2.435038186575999,0.0011258017224002332,2.029676031949972,0.0030067401882973854,1.7763568394002505e-15,0.9967672228813171,0.003232758492231369,677.0,1.0,0.0004441512724557839,0
uniform,sparse,17,0,128,96,9.509572921080785,4.361094569275192,0.002334815999262223,100,0.0002687699503012362,25.22464754370174,7.198122614296153,13.622407525544986,32.79295619297773,251.38671875,286.0,1.7585237684763042,0.0034000267072406267,2.80335283891888,0.0025565745718019173,0.0,0.996651828289032,0.00334821455180645,670.0,1.0,3.552713678800501e-15,0
uniform,sparse,17,0,192,160,8.277418376172669,4.068763540972286,0.0021763960064386245,164,0.00013803053232717833,26.64813797007397,11.92764182575047,24.129385471809655,55.4155410239473,262.7763671875,298.0,1.7518516352893083,0.0007551269691236575,0.9432651556535042,0.001142694191447191,0.0,0.9963942766189575,0.003605769481509924,658.0,1.0,0.0006821873456246408,0
uniform,sparse,17,0,256,224,7.073239143957403,3.761180438095839,0.0019792649092474075,228,4.549145661109102e-05,28.472489610880682,16.652519746450707,35.36044785939157,78.72577768797055,274.7421875,318.0,1.0806849171086892,0.0016779279555072157,1.5431430276862592,0.00032178659015968947,0.0,0.99609375,0.00390625,647.0,1.0,0.0,0
random,sparse,17,101,32,0,18.523056907647273,6.086551882247825,0.0029668131976249208,4,1.4803527215047212e-09,0.015078642353504349,0.07378759002313018,0.41032697702758014,0.6030481238849461,210.13916015625,230.0,2.993884772990642,,,,,0.9969757795333862,0.0030241934582591057,694.0,1.0,2.9823254976690805e-10,0
random,sparse,17,101,48,16,18.478271373701773,6.079189316627962,0.0029648819830146306,20,9.065347273734221e-07,0.05577889231351579,1.2652404536493123,2.1732102213427424,5.449397774878889,213.56103515625,248.0,2.992994650610239,3.3783575769390226e-05,0.05305239201616982,1.6751209887644336e-05,3.552713678800501e-15,0.9969261884689331,0.003073770320042968,693.0,1.0,2.618549643784718e-07,0
random,sparse,17,101,64,32,17.65361663310881,5.941988999166662,0.0029044063261864255,36,7.481219325399932e-06,0.47471356433835793,2.4550258161034435,3.9835323519073427,10.41768672899343,215.50439453125,260.0,2.986494782445826,0.00024112833683260937,0.46541398104466636,0.0001320715659716143,0.0,0.9968750476837158,0.0031250002793967724,692.0,1.0,1.5366122340765287e-05,0
random,sparse,17,101,96,64,17.22194364665825,5.868891487607903,0.002878349334598769,68,3.3695625106784662e-06,2.2626517141525135,4.80444450257346,7.666341081960127,20.07613975298591,219.833984375,260.0,2.9808052457041176,2.2101651879374762e-08,0.0010353656783382973,5.8030611214121564e-05,0.0,0.9967672228813171,0.003232758492231369,692.0,1.0,3.267530135175889e-05,0
random,sparse,17,101,128,96,16.78586121522504,5.794111012955316,0.0028429313388652374,100,6.844744747528989e-05,5.1186404467161415,7.181492269970477,11.502581021748483,29.941595748998225,223.9130859375,260.0,2.980370255146602,2.7882615634698124e-06,0.009976488741860098,0.0011490280018833232,0.0,0.996651828289032,0.00334821455180645,693.0,1.0,0.0003746462843992049,0
random,sparse,17,101,192,160,15.552687865082879,5.577219354675389,0.002762321300927737,164,4.3902143384502175e-06,4.934775936026505,11.913829374592751,19.531126194167882,49.83671347890049,228.8427734375,272.0,2.0453167920337694,7.59272690768606e-05,0.08453758728696205,6.827993302849222e-05,0.0,0.9963942766189575,0.003605769481509924,698.0,1.0,5.190114338837759e-05,0
random,sparse,17,101,256,224,14.00242311240595,5.291960527518313,0.0026397334354956196,228,1.6369854975566018e-06,7.018248769449026,16.658586126053706,28.144543904345483,70.37124961591326,233.7900390625,272.0,2.000089264631415,1.6880538364910372e-05,0.0676590820912738,2.2921801086539517e-05,0.0,0.99609375,0.00390625,700.0,1.0,2.7082223995833488e-05,0
quadratic,distributed,5,0,32,0,16.77116660511936,5.791574329164629,0.002867686463696183,4,7.840184734588113e-09,0.030564432569677568,0.07459374191239476,0.4054338389541954,0.6000102940015495,210.71240234375,230.0,1.0756478127995572,,,,,0.9969757795333862,0.0030241934582591057,693.0,1.0,1.1905143537660479e-09,0
quadratic,distributed,5,0,48,16,12.98230348456207,5.095547759478282,0.0026419553404071596,20,0.009628993303995949,20.53166009128159,1.2603247200604528,2.201633824966848,5.506386082153767,216.802734375,254.0,0.24926928418095692,0.2514482299292033,20.52141772404604,0.12622190318386295,0.11981766618641032,0.9969261884689331,0.003073770320042968,688.0,1.0,4.199626136269785e-05,0
quadratic,distributed,5,0,64,32,11.207846165288306,4.73452134123151,0.0025155770770773165,36,0.007736107614901596,18.572780074194117,2.440878124907613,4.060239902231842,10.422855440992862,219.052734375,254.0,0.14347707856331188,0.15009808144103456,18.505742465943666,0.08738109360960777,0.07466515214732539,0.9968750476837158,0.0031250002793967724,686.0,1.0,8.433383203687583e-05,0
quadratic,distributed,5,0,96,64,8.881730535233286,4.214672118975161,0.002312178447915421,68,0.006415144816790419,6.867700991241519,4.810585018945858,8.029642346082255,20.516636566026136,226.7431640625,266.0,0.10342269749721407,0.10390422722385395,6.624055377052635,0.057345467083148804,0.051847808665121065,0.9967672228813171,0.003232758492231369,681.0,1.0,9.334505896774203e-05,0
quadratic,distributed,5,0,128,96,7.359463770780689,3.83652545170254,0.002177942410901029,100,0.0052244677044907695,17.95100011045433,7.1649464927613735,12.208885078318417,30.676406323211268,231.4130859375,266.0,0.07275013296868103,0.07419472704904487,17.860152784082096,0.038651212805858925,0.012913352723225024,0.996651828289032,0.00334821455180645,677.0,1.0,1.7763568394002505e-15,0
quadratic,distributed,5,0,192,160,5.263382346128241,3.244497602442708,0.001971754375736271,164,0.004554407145213625,3.5536355149612313,11.885728536173701,21.10918354592286,51.49305342021398,238.548828125,278.0,0.04615697600654327,0.04699967960457024,3.518136372397759,0.024081262037084272,0.023274955625168126,0.9963942766189575,0.003605769481509924,672.0,1.0,0.00020455586058876207,0
quadratic,distributed,5,0,256,224,3.82595428363969,2.766208337649097,0.00179322237781268,228,0.004141381627558596,3.0749309287396263,16.598227669252083,30.584759656339884,72.91041612019762,247.8212890625,278.0,0.031156416605296774,0.031154948011314184,2.850263251850043,0.015910628763787127,0.013959717986807618,0.99609375,0.00390625,665.0,1.0,0.00016146400116845427,0
raw,distributed,5,0,32,0,16.77116660511957,5.791574329164665,0.002867686463696184,4,7.840163551126502e-09,0.030564432569503888,0.07459539012052119,0.40309419413097203,0.5958946698810905,210.71240234375,230.0,1.0756478127996072,,,,,0.9969757795333862,0.0030241934582591057,693.0,1.0,1.1905925134669815e-09,0
raw,distributed,5,0,48,16,13.273642214616475,5.152405693385658,0.002672700937782498,20,0.016125735369393074,23.63169435352747,1.2649644310586154,2.219133786391467,5.554064017953351,220.1708984375,254.0,0.3627447852723532,0.31503687404296926,23.631102261793856,0.21755548390248158,0.15556463123429864,0.9969261884689331,0.003073770320042968,688.0,1.0,1.3076683826440672e-05,0
raw,distributed,5,0,64,32,11.666938181400315,4.8305151239594135,0.0025731607484417197,36,0.0035406374559904916,16.88633260779443,2.4474125292617828,4.178301520412788,10.672334785806015,226.1298828125,254.0,0.317034095463535,0.08100371922280118,16.8861102972048,0.04145517607093119,0.027712984366441873,0.9968750476837158,0.0031250002793967724,685.0,1.0,1.8171343132422635e-06,0
raw,distributed,5,0,96,64,9.50650009225926,4.360389911982473,0.002402225471258348,68,0.004621229824711507,10.378753980367275,4.804129996569827,8.438634988153353,21.073415256803855,235.46435546875,272.0,0.24510975764701418,0.06311174220069103,10.370237077817222,0.04413568288907754,0.029864768744332082,0.9967672228813171,0.003232758492231369,677.0,1.0,0.0003887669062070387,0
raw,distributed,5,0,128,96,7.781907304944927,3.9451000760297394,0.0022396467687631465,100,0.005872682455755875,7.710644777314827,7.166002601617947,12.994011474307626,31.72775685088709,243.0947265625,292.0,0.13552085009316434,0.08462935498525553,7.674079011726212,0.0459706414817731,0.038112477217271845,0.996651828289032,0.00334821455180645,671.0,1.0,9.928988837426544e-05,0
raw,distributed,5,0,192,160,5.630609990065885,3.3557741253147193,0.0020733117735492533,164,0.006014972328559513,5.420184989464337,11.883943584514782,22.714396947296336,53.379070984898135,256.08740234375,292.0,0.08046012861404381,0.06201668557284562,5.333008069059797,0.03407291089936848,0.028991330502925905,0.9963942766189575,0.003605769481509924,662.0,1.0,0.00017041221922742267,0
raw,distributed,5,0,256,224,4.058544696551487,2.849050612590618,0.0019028850129149924,228,0.0030378683960752364,4.527540609039671,16.610215767286718,33.06381668639369,75.68099941685796,266.19384765625,312.0,0.06473017091263086,0.021130924362494065,4.130577218997212,0.012366893663131151,0.008354357922606859,0.99609375,0.00390625,655.0,1.0,0.0005947372737011847,0
local_residual,distributed,5,0,32,0,16.771166605119525,5.791574329164657,0.002867686463696183,4,7.840168211488056e-09,0.030564432568432377,0.0740534698124975,0.4058941248804331,0.6009120910894126,210.71240234375,230.0,1.0756478127996087,,,,,0.9969757795333862,0.0030241934582591057,693.0,1.0,1.190670673167915e-09,0
local_residual,distributed,5,0,48,16,14.48328145500909,5.382059355861674,0.002744935841090457,20,0.0010730724874598026,9.604239377655942,1.2548912183847278,2.232967702904716,5.610260908026248,221.50439453125,266.0,0.5536465563006999,0.023496235467221113,9.588467591993162,0.01555830604767472,0.0,0.9969261884689331,0.003073770320042968,688.0,1.0,7.839039177781615e-06,0
local_residual,distributed,5,0,64,32,13.074929543648832,5.113693292259291,0.002650542267196477,36,0.01048578494912271,31.102207109269127,2.4504386975895613,4.254343942506239,10.818743229145184,227.82470703125,266.0,0.4895316020957762,0.2645610449488572,31.09985669709515,0.13855374418505662,0.12992798803047378,0.9968750476837158,0.0031250002793967724,685.0,1.0,2.3222691281077346e-05,0
local_residual,distributed,5,0,96,64,11.177517168114543,4.728111074861618,0.00249286113199272,68,0.001383332932839518,5.9929148826013865,4.802451175870374,8.6584561788477,21.386655561160296,239.974609375,266.0,0.32641522351366364,0.02363990713596274,5.889774195171773,0.01548364664434132,0.0029006042415566924,0.9967672228813171,0.003232758492231369,677.0,1.0,0.00012984024850837272,0
local_residual,distributed,5,0,128,96,9.703292071315264,4.405290471992798,0.00235857362563361,100,0.0007884389724012662,2.826592317928727,7.159833084326237,13.447912532137707,32.296229786006734,248.953125,296.0,0.23863899189457224,0.0030765142003888325,2.344711651660405,0.0076564903049476385,0.0,0.996651828289032,0.00334821455180645,670.0,1.0,0.0007523374625098,0
local_residual,distributed,5,0,192,160,7.716169108531371,3.92840148369063,0.002165915733266856,164,0.00045558605643550374,2.8747852706834447,11.87710152566433,23.860740433447063,54.72998496214859,265.7041015625,316.0,0.15158298918513483,0.00568684710496356,2.028250931471364,0.003516981342599479,0.0,0.9963942766189575,0.003605769481509924,656.0,1.0,7.409583206641202e-05,0
local_residual,distributed,5,0,256,224,6.043153607119713,3.476536669480048,0.00198238661861748,228,0.005604552583573172,8.461576590721622,16.592280391370878,35.06618441990577,78.04278016812168,276.3134765625,336.0,0.10187194434500475,0.05768873062772416,8.253255000817159,0.03406006357903735,0.02880404481676635,0.99609375,0.00390625,645.0,1.0,0.0006518104582333706,0
uniform,distributed,5,0,32,0,16.77116660511942,5.791574329164639,0.0028676864636961842,4,7.840170753503489e-09,0.03056443256943401,0.07344415900297463,0.41758485697209835,0.6110664929728955,210.71240234375,230.0,1.075647812799575,,,,,0.9969757795333862,0.0030241934582591057,693.0,1.0,1.190439746778793e-09,0
uniform,distributed,5,0,48,16,15.17650836450739,5.5093571974427995,0.002736392979354139,20,0.01219437608037116,36.502552889681226,1.2537507745437324,2.2170184266287833,5.610215032007545,220.52880859375,254.0,0.6515038236589381,0.3432165683193698,36.50210937941401,0.18735269986555103,0.16461383353506065,0.9969261884689331,0.003073770320042968,688.0,1.0,1.117374950254657e-05,0
uniform,distributed,5,0,64,32,14.115974075146786,5.313374459822455,0.0026367943329638666,36,0.002306035644087664,19.869774577560683,2.4353983965702355,4.2199559742584825,10.821996595943347,230.9140625,254.0,0.5935204727404166,0.04510101329017824,19.869625222922995,0.032627178805586965,2.6645352591003757e-14,0.9968750476837158,0.0031250002793967724,685.0,1.0,6.605156499972509e-06,0
uniform,distributed,5,0,96,64,13.030220354477658,5.104942772348708,0.0025271791084887883,68,0.0014596395776709761,7.208279760782534,4.801254948368296,8.675197093514726,21.499485082924366,238.1630859375,266.0,0.5853733903190287,0.013514959877987181,7.033859225633191,0.019047227422166912,0.0,0.9967672228813171,0.003232758492231369,676.0,1.0,0.0002424325304914987,0
uniform,distributed,5,0,128,96,11.097833953140045,4.711227855483121,0.002350100749245688,100,0.004475540934569086,12.25713115389122,7.163708063075319,13.523129620356485,32.56195151200518,250.94580078125,286.0,0.35545720494776784,0.06485009441644636,12.25180840004183,0.04989210429740609,0.026687089435935007,0.996651828289032,0.00334821455180645,670.0,1.0,0.00015704634559732256,0
uniform,distributed,5,0,192,160,9.614901793293681,4.385179994776425,0.0021658179684508633,164,0.0039634924890789795,7.783761277572725,11.876223851926625,24.000082522863522,55.078869472956285,262.93798828125,298.0,0.35509071475544096,0.05041543065708513,7.706361347346099,0.038260235195782144,0.024731827528816197,0.9963942766189575,0.003605769481509924,658.0,1.0,0.0004651814451275271,0
uniform,distributed,5,0,256,224,8.274788298178233,4.068117082429716,0.0020042682851750945,228,0.0011300210621627898,5.135191044467286,16.590460645966232,35.19769709696993,78.30758147290908,275.0615234375,318.0,0.2556978276534664,0.007295201852189392,3.212456000764701,0.009361263486793447,0.0,0.99609375,0.00390625,646.0,1.0,0.0016048805262425248,0
random,distributed,5,101,32,0,16.771166605119507,5.791574329164654,0.0028676864636961834,4,7.840167575984219e-09,0.030564432568470863,0.07437420194037259,0.40439801197499037,0.5992683279328048,210.71240234375,230.0,1.0756478127995814,,,,,0.9969757795333862,0.0030241934582591057,693.0,1.0,1.1906742258815939e-09,0
random,distributed,5,101,48,16,16.49148506282982,5.743080194952848,0.002846170268129511,20,0.0003459667045238008,0.9794585512295787,1.2542800523806363,2.153326012659818,5.394115932984278,213.29638671875,266.0,1.0768474790496412,0.011347445624790902,0.9746991901547658,0.005707479337697663,0.005353699381348775,0.9969261884689331,0.003073770320042968,693.0,1.0,5.778978863446582e-06,0
random,distributed,5,101,64,32,15.976905159397568,5.652770145583061,0.002807497971900192,36,0.0051988879094996,12.173281608801616,2.4353386617731303,3.9409835760015994,10.297854390926659,214.9580078125,266.0,1.0774452343428498,0.1650238478783406,12.16809382373889,0.08349622658730738,0.08170702653100292,0.9968750476837158,0.0031250002793967724,690.0,1.0,5.5933485528569804e-05,0
random,distributed,5,101,96,64,15.43850758858273,5.556709023978623,0.002771405880555721,68,0.0003941989010574062,0.8453597852364972,4.788590674754232,7.626496394863352,19.9324387118686,221.9873046875,266.0,1.1102947150801266,0.013353767318150942,0.8059265135465374,0.006088242703974345,0.006697591092969191,0.9967672228813171,0.003232758492231369,692.0,1.0,0.0007007790482607135,0
random,distributed,5,101,128,96,15.056480932792983,5.487527846451986,0.0027422306185001305,100,1.1302088153403144e-05,0.40824557415498025,7.156625685049221,11.442275498760864,29.75720850401558,224.50439453125,278.0,1.122025729721654,0.0005939403636558949,0.14562281517249587,0.0001701715980786389,8.757240446577441e-05,0.996651828289032,0.00334821455180645,693.0,1.0,9.446400147972156e-05,0
random,distributed,5,101,192,160,13.56439126425207,5.208529785698085,0.0026281490854027025,164,9.658667448035744e-05,1.5107703523534448,11.875867819413543,19.418355950620025,49.542279972927645,229.40185546875,278.0,0.9029440745917626,0.003145957022936145,0.5430245963407713,0.001310265997799931,0.001472595550124467,0.9963942766189575,0.003605769481509924,697.0,1.0,0.0006583744390322721,0
random,distributed,5,101,256,224,12.25480967000592,4.950719073024831,0.002534356322788724,228,0.0009135888639794927,2.8265263307798265,16.590165264206007,27.98696488258429,69.94293947191909,234.412109375,278.0,1.0349498689927632,0.020038254361919833,2.3366650728126563,0.01120609540867612,0.00986215858332784,0.99609375,0.00390625,698.0,1.0,0.0003630151379478974,0
quadratic,distributed,17,0,32,0,17.795993646249094,5.965902051869288,0.0028497361609112768,4,1.6944274241678171e-09,0.021148910670829944,0.07396218506619334,0.40697869495488703,0.5999525180086493,208.775390625,230.0,1.664369118149137,,,,,0.9969757795333862,0.0030241934582591057,693.0,1.0,1.9024781749976682e-10,0
quadratic,distributed,17,0,48,16,13.510700921462453,5.198211408063826,0.0026045163518769233,20,0.010351763297448299,16.085809440344278,1.2579952073283494,2.19854430295527,5.475576459895819,214.44482421875,242.0,0.2704986962371862,0.2713549648781271,15.19846886600132,0.14132251514699234,0.13280195327373256,0.9969261884689331,0.003073770320042968,690.0,1.0,0.0002953610627596248,0
quadratic,distributed,17,0,64,32,11.562631175755579,4.808873293351693,0.002484641545463468,36,0.008008797705014198,25.078483423377996,2.4349052575416863,4.071010560262948,10.439641245873645,222.76953125,254.0,0.1797202857892206,0.18490924070193943,24.937254879595987,0.09335039848144255,0.09242266073270144,0.9968750476837158,0.0031250002793967724,686.0,1.0,0.00012676270639744303,0
quadratic,distributed,17,0,96,64,9.171621295612159,4.282901188589846,0.002314769889522298,68,0.006168328926925256,7.487068623283734,4.780525276204571,8.014543413184583,20.390538905980065,226.27001953125,266.0,0.105462032593275,0.106662816963528,7.207427042072824,0.05692470726299881,0.053482273938660896,0.9967672228813171,0.003232758492231369,683.0,1.0,8.100403933397615e-05,0
quadratic,distributed,17,0,128,96,7.516627402392838,3.8772741461993214,0.0021573248170209977,100,0.0063102787855086225,7.621085331292504,7.144087796332315,12.184662527870387,30.577245184918866,229.74267578125,278.0,0.08268063139706,0.08545770044549689,7.40900664333117,0.04773322438911709,0.038861710903313806,0.996651828289032,0.00334821455180645,680.0,1.0,0.00012322423326605048,0
quadratic,distributed,17,0,192,160,5.149557711011238,3.209223492065094,0.0019341020149632065,164,0.005411200313570059,7.40088630379154,11.876485063461587,21.05802419432439,51.40264937793836,236.5185546875,278.0,0.050433020799335676,0.05075817502649544,7.299215368649142,0.028016893322503122,0.02529599282259909,0.9963942766189575,0.003605769481509924,670.0,1.0,0.0002467819265987714,0
quadratic,distributed,17,0,256,224,3.573830085275665,2.673510832323544,0.0017395344773159659,228,0.0061936570833437165,6.598950416329502,16.60085167735815,30.476665493566543,72.76929661701433,249.353515625,298.0,0.03411838058922377,0.03481912282898759,3.9910692313024336,0.022273029529450206,0.017044380954538862,0.99609375,0.00390625,664.0,1.0,0.0012207154369541229,0
raw,distributed,17,0,32,0,17.79599364624902,5.965902051869276,0.0028497361609112768,4,1.694431816150774e-09,0.021148910672860153,0.07330935285426676,0.4072060820180923,0.5997029559221119,208.775390625,230.0,1.6643691181490972,,,,,0.9969757795333862,0.0030241934582591057,693.0,1.0,1.9025137021344563e-10,0
raw,distributed,17,0,48,16,13.729702324814033,5.240172196562635,0.0026157688769173505,20,0.005675019519679218,22.942547981229595,1.2564678699709475,2.2361190910451114,5.556199054000899,219.09423828125,254.0,0.35772092905003255,0.15641114002586506,22.942236390331818,0.07836102906221676,0.077376740305521,0.9969261884689331,0.003073770320042968,688.0,1.0,7.991848658406298e-07,0
raw,distributed,17,0,64,32,12.044122048863175,4.907977597516756,0.0025099203842366925,36,0.010853719884197185,16.55608061106078,2.4339312338270247,4.173099429812282,10.601072523975745,221.6669921875,266.0,0.3569278120744556,0.2345230276583567,16.54748115520463,0.13215793214542337,0.11713235959316926,0.9968750476837158,0.0031250002793967724,684.0,1.0,7.20944181065164e-05,0
raw,distributed,17,0,96,64,9.393205748788057,4.334329417288921,0.0023175508429338853,68,0.004833458435379935,10.608641218532586,4.791601339820772,8.349381784908473,20.8901299899444,231.216796875,266.0,0.17021917596122454,0.08842089077624717,10.315785611613366,0.0456221824844949,0.04351242345575557,0.9967672228813171,0.003232758492231369,677.0,1.0,4.421456807079949e-05,0
raw,distributed,17,0,128,96,7.756555968265511,3.9386688025944783,0.0021990603863681797,100,0.003298089787768663,8.46580612962357,7.157129867235199,12.823528194334358,31.454587162006646,240.412109375,278.0,0.15156873048704134,0.03896850188596476,8.250812141617871,0.025666468344327953,0.012751903249234253,0.996651828289032,0.00334821455180645,671.0,1.0,0.00011848880810028106,0
raw,distributed,17,0,192,160,5.323174197504113,3.2628742536310265,0.0019919210669369462,164,0.005964071284204808,5.96898073872459,11.88360772258602,22.330783024430275,52.986210274044424,251.005859375,298.0,0.09926973674332537,0.04909041501638561,5.522090681237576,0.03193827250608017,0.023874891393996123,0.9963942766189575,0.003605769481509924,662.0,1.0,0.00026582511639805517,0
raw,distributed,17,0,256,224,3.8623702075508124,2.779341723340551,0.0018152491133168129,228,0.006227313060272005,4.350668207544024,16.60091626085341,32.47559951641597,75.08175853895955,260.97021484375,298.0,0.07269209546389839,0.04357489013508784,4.043162957589277,0.024202907519183636,0.019723701327501786,0.99609375,0.00390625,651.0,1.0,0.0003337089333270704,0
local_residual,distributed,17,0,32,0,17.795993646249006,5.965902051869274,0.002849736160911276,4,1.6944280230745914e-09,0.021148910673572215,0.07497497205622494,0.40317277214489877,0.5978217739611864,208.775390625,230.0,1.664369118149128,,,,,0.9969757795333862,0.0030241934582591057,693.0,1.0,1.9021584307665762e-10,0
local_residual,distributed,17,0,48,16,14.52598681018276,5.389988276459006,0.0026739800611310497,20,0.008580155274199959,37.273929453118626,1.252329250331968,2.2264338838867843,5.5764844990335405,221.1748046875,254.0,0.6037397788314891,0.24185792564426908,37.27353755227756,0.12571386683996089,0.11822703558612879,0.9969261884689331,0.003073770320042968,688.0,1.0,1.430248030231951e-06,0
local_residual,distributed,17,0,64,32,13.432846955303745,5.183212701655942,0.0026022823950673387,36,0.0069919448860849475,22.114502036954224,2.4224421102553606,4.212770455749705,10.703502983087674,228.43994140625,266.0,0.35799827536744677,0.178762014332029,22.113871592020164,0.09458304501259995,0.0889579383900525,0.9968750476837158,0.0031250002793967724,684.0,1.0,4.3900531627727446e-05,0
local_residual,distributed,17,0,96,64,11.458255335958075,4.787119245633657,0.002436483294224964,68,0.0015497746032179102,5.9250676858624685,4.7860911164898425,8.601391540840268,21.267115694005042,241.0615234375,266.0,0.3673396088797327,0.030752525603637157,5.644605042549394,0.01778527628636084,0.013252567259431913,0.9967672228813171,0.003232758492231369,677.0,1.0,2.80766426321577e-05,0
local_residual,distributed,17,0,128,96,9.425280437414981,4.341723260967926,0.002273540105161141,100,0.007280065160349754,10.479005033286214,7.151388164609671,13.350210101343691,32.12030377308838,248.25634765625,284.0,0.22525245370225483,0.10962548086880403,9.978871893603266,0.06911985277099397,0.049493725047371484,0.996651828289032,0.00334821455180645,670.0,1.0,0.0005774083444389788,0
local_residual,distributed,17,0,192,160,7.739451850610558,3.93432379211741,0.0021148465448673744,164,0.005212625095228372,6.733583495987574,11.906697803875431,23.627952899085358,54.51358192204498,263.86669921875,304.0,0.19473538726424275,0.07187365042709425,6.1446694230380325,0.040554255067485556,0.03352531319328911,0.9963942766189575,0.003605769481509924,655.0,1.0,0.0005583125167509806,0
local_residual,distributed,17,0,256,224,5.832635084966801,3.41544582301251,0.0019122741523136067,228,0.006745254367191754,5.456845804367011,16.624067649943754,34.72784562711604,77.68328124890104,273.87939453125,324.0,0.11340176879226317,0.05662429260859761,5.104879845415846,0.03960978535676407,0.025310107574130214,0.99609375,0.00390625,645.0,1.0,0.0007756049286529176,0
uniform,distributed,17,0,32,0,17.795993646249034,5.9659020518692785,0.002849736160911277,4,1.6944308179728298e-09,0.021148910671561858,0.07373366109095514,0.4072120347991586,0.6023164039943367,208.775390625,230.0,1.6643691181491587,,,,,0.9969757795333862,0.0030241934582591057,693.0,1.0,1.9016965779883321e-10,0
uniform,distributed,17,0,48,16,15.81265898941548,5.62363921129645,0.002723339139985981,20,0.00431391024179762,22.12404791615997,1.2530527664348483,2.2134528546594083,5.593965074047446,220.8330078125,260.0,0.5674261221636616,0.1251520380812493,22.116291545501877,0.06850993728461319,0.05617393348232724,0.9969261884689331,0.003073770320042968,688.0,1.0,7.165545765630554e-06,0
uniform,distributed,17,0,64,32,14.746653314009908,5.430774035809243,0.0026285000691513845,36,0.012897355633695462,48.15781013477539,2.4280529664829373,4.21631634933874,10.797194235958159,229.4580078125,260.0,0.603685028098639,0.2667854374471931,48.15780594902633,0.1926778671732734,0.11690332916110613,0.9968750476837158,0.0031250002793967724,684.0,1.0,2.9318020301261072e-05,0
uniform,distributed,17,0,96,64,13.382384859443963,5.173467861974975,0.002519020851684704,68,0.00791298549079585,16.93843771650072,4.795163552742451,8.647742189001292,21.448737357975915,240.77685546875,272.0,0.6026327060753833,0.07824364385344254,16.879317924967925,0.10673924330862761,0.024353564172638897,0.9967672228813171,0.003232758492231369,677.0,1.0,0.00014470451893444647,0
uniform,distributed,17,0,128,96,11.675239592588978,4.83223335375869,0.0023322741520767566,100,0.00039234448994058825,3.692188095546609,7.169391514267772,13.49852040829137,32.5408044049982,250.70263671875,290.0,0.36329763913640706,0.005949123931429521,3.6826810978099918,0.004582513846958847,1.0658141036401503e-14,0.996651828289032,0.00334821455180645,670.0,1.0,2.6210785318170338e-05,0
uniform,distributed,17,0,192,160,10.174597372234613,4.511008173841988,0.0021634656713927516,164,0.003399541016896246,7.3642512922959025,11.881515697808936,23.94933460187167,55.02996821398847,261.6708984375,290.0,0.3669449951457197,0.04541143334323039,7.294922454166383,0.034706948793306935,0.02177073317635525,0.9963942766189575,0.003605769481509924,657.0,1.0,0.0004895589756532814,0
uniform,distributed,17,0,256,224,8.557607412353374,4.137053882258091,0.0020314613795047193,228,0.00741586596499445,9.946652791212255,16.59866298781708,35.141116821207106,78.26502385712229,277.646484375,310.0,0.3480671481071548,0.06668212784132274,9.653340736957615,0.06393621192901833,0.03300836166773813,0.99609375,0.00390625,646.0,1.0,0.0028107185840564597,0
random,distributed,17,101,32,0,17.79599364624897,5.965902051869268,0.002849736160911277,4,1.6944302190660697e-09,0.02114891067227025,0.07478295103646815,0.4059118898585439,0.6005813591182232,208.775390625,230.0,1.6643691181491234,,,,,0.9969757795333862,0.0030241934582591057,693.0,1.0,1.9021229036297882e-10,0
random,distributed,17,101,48,16,17.532515630406966,5.921573377136682,0.00283053810089771,20,2.1386722683168115e-05,0.2629694661874894,1.2578960387036204,2.155377375660464,5.404498765943572,211.86083984375,248.0,1.6640877617058838,0.0007569703623408748,0.25091090487702356,0.00037497106912809386,0.0,0.9969261884689331,0.003073770320042968,693.0,1.0,5.438007228519837e-06,0
random,distributed,17,101,64,32,17.207048067836197,5.866352881959318,0.002801124137151214,36,1.7331687277649827e-05,1.0448293362919505,2.442101502092555,3.960891635622829,10.3326510861516,215.43798828125,260.0,1.6653127464233604,0.000237927935847983,0.4626112465052563,0.00029823234495296447,0.0,0.9968750476837158,0.0031250002793967724,690.0,1.0,9.333391647103895e-05,0
random,distributed,17,101,96,64,16.239254316792362,5.6989918962554,0.002733289960220355,68,0.00019931420770240762,1.1740999401744392,4.810743276029825,7.6502563818357885,19.995609034085646,219.625,260.0,1.732472810105174,0.008528322537049333,0.6427893402913776,0.003237359359538061,0.004214212927976746,0.9967672228813171,0.003232758492231369,690.0,1.0,0.0010605053249506113,0
random,distributed,17,101,128,96,15.655977592915617,5.595708640184122,0.0026895171560949514,100,3.8014692484701734e-05,1.2419179104488909,7.17353809857741,11.468833521241322,29.791182019980624,224.77685546875,260.0,1.8617728485330334,0.0022187655538778673,0.28264216030730416,0.0005951797993120067,0.0011058313975240708,0.996651828289032,0.00334821455180645,692.0,1.0,0.0002805155712337637,0
random,distributed,17,101,192,160,14.398857479140679,5.366350245584177,0.002590449810713038,164,0.00024120148352823982,0.8446798319301577,11.919280270813033,19.518198953010142,49.75611074711196,231.10888671875,278.0,1.9198718325953061,0.006620309066394341,0.7893096601126544,0.003473863686156875,0.0032653284985375564,0.9963942766189575,0.003605769481509924,696.0,1.0,0.0001618241367946638,0
random,distributed,17,101,256,224,12.726950371312272,5.045185897727114,0.0024470850209486693,228,0.0013135212502404293,4.040137868967642,16.665761031210423,28.12408364820294,70.25831843912601,235.62109375,278.0,1.2945319965209356,0.02959782301127504,2.8328691291956574,0.016739106936144665,0.013596848412520401,0.99609375,0.00390625,697.0,1.0,0.0012634146448657901,0
fixed_space,sparse,5,0,32,0,14.795654582380477,5.439789441215621,0.002837898765988333,4,,,0.0,0.4164915010333061,0.42826061812229455,208.779296875,228.0,,,,,,,,,,,0
fixed_space,sparse,5,0,48,0,14.25654189266754,5.339764394178369,0.0028151537324692284,8,,,0.0,0.8930341808591038,0.9033962299581617,232.58544921875,248.0,,,,,,,,,,,0
fixed_space,sparse,5,0,64,0,11.195171492818888,4.731843508151741,0.0025043575842670003,16,,,0.0,1.9687979919835925,1.98026543087326,251.767578125,290.0,,,,,,,,,,,0
fixed_space,sparse,5,0,96,0,9.982106060923044,4.468132957046611,0.002316597837182283,16,,,0.0,2.190001782029867,2.20152969006449,275.92724609375,310.0,,,,,,,,,,,0
fixed_space,sparse,5,0,128,0,8.056360972401166,4.014065513267357,0.0020381175007144004,13,,,0.0,1.9482697788625956,1.9587789070792496,296.068359375,328.0,,,,,,,,,,,0
fixed_space,sparse,5,0,192,0,6.8632486347244255,3.7049287806176316,0.0017853127691431767,16,,,0.0,2.588700327090919,2.600134009961039,318.1005859375,358.0,,,,,,,,,,,0
fixed_space,sparse,5,0,256,0,5.019647294044262,3.1684845885830852,0.0015445211247649409,16,,,0.0,2.7696759819518775,2.7805628881324083,338.521484375,368.0,,,,,,,,,,,0
fixed_space,sparse,5,0,512,0,2.647132327884467,2.3009269123048943,0.0011920441044713083,16,,,0.0,3.21317831100896,3.2251635030843318,379.7119140625,442.0,,,,,,,,,,,0
fixed_space,sparse,5,0,1024,0,0.19289790045584468,0.6211246259098808,0.000563142120150823,16,,,0.0,3.5715537490323186,3.582717824028805,424.1044921875,492.0,,,,,,,,,,,0
fixed_space,sparse,17,0,32,0,18.523056907647305,6.08655188224783,0.002966813197624923,4,,,0.0,0.4054777368437499,0.41708871396258473,210.13916015625,228.0,,,,,,,,,,,0
fixed_space,sparse,17,0,48,0,16.77835753339358,5.792815815023568,0.002845284005891286,7,,,0.0,0.7780932860914618,0.7897854989860207,232.587890625,248.0,,,,,,,,,,,0
fixed_space,sparse,17,0,64,0,15.994958563368149,5.655962970771316,0.0027006378841550457,10,,,0.0,1.2281993001233786,1.2396967830136418,251.06396484375,290.0,,,,,,,,,,,0
fixed_space,sparse,17,0,96,0,15.263213319988191,5.525072546127913,0.0026621984563610927,15,,,0.0,2.0492797628976405,2.0598549339920282,276.21533203125,310.0,,,,,,,,,,,0
fixed_space,sparse,17,0,128,0,9.509454820987525,4.3610674888122345,0.0023339828408132936,15,,,0.0,2.2488659680821,2.2606458510272205,294.3876953125,336.0,,,,,,,,,,,0
fixed_space,sparse,17,0,192,0,8.277422383685197,4.068764525918205,0.0021711196482632426,13,,,0.0,2.083810535026714,2.0942825879901648,317.27392578125,358.0,,,,,,,,,,,0
fixed_space,sparse,17,0,256,0,7.075988431051861,3.7619113309730894,0.0019877143017756095,16,,,0.0,2.730449933791533,2.7410366849508137,342.791015625,368.0,,,,,,,,,,,0
fixed_space,sparse,17,0,512,0,4.463022173259729,2.9876486317034434,0.001608466401697739,13,,,0.0,2.598111385013908,2.60901935887523,380.119140625,442.0,,,,,,,,,,,0
fixed_space,sparse,17,0,1024,0,0.4285616794448404,0.925809569452423,0.0008499522911923694,11,,,0.0,2.447670162888244,2.4584831087850034,423.51220703125,492.0,,,,,,,,,,,0
fixed_space,distributed,5,0,32,0,16.77116660511945,5.791574329164645,0.002867686463696183,4,,,0.0,0.40611807093955576,0.41774285212159157,210.71240234375,228.0,,,,,,,,,,,0
fixed_space,distributed,5,0,48,0,15.176496303237638,5.50935500820879,0.002736422866570931,9,,,0.0,0.9919353621080518,1.0034749461337924,232.578125,268.0,,,,,,,,,,,0
fixed_space,distributed,5,0,64,0,14.115967781017364,5.313373275240008,0.002636765606873469,9,,,0.0,1.1042748149484396,1.1147213908843696,252.83251953125,290.0,,,,,,,,,,,0
fixed_space,distributed,5,0,96,0,13.029899872311814,5.104879993165719,0.002527846711330981,11,,,0.0,1.4989187910687178,1.509709713049233,275.84375,310.0,,,,,,,,,,,0
fixed_space,distributed,5,0,128,0,11.097668738081273,4.711192786987446,0.002349809346684275,16,,,0.0,2.3735872718971223,2.3844914140645415,297.154296875,328.0,,,,,,,,,,,0
fixed_space,distributed,5,0,192,0,9.614555576725836,4.38510104255896,0.0021625758449684016,16,,,0.0,2.561062505003065,2.5716750849969685,317.2109375,358.0,,,,,,,,,,,0
fixed_space,distributed,5,0,256,0,8.268564568170289,4.06658691488828,0.0020036825448679664,16,,,0.0,2.735154677182436,2.7458539931103587,338.5068359375,368.0,,,,,,,,,,,0
fixed_space,distributed,5,0,512,0,4.372626317748383,2.9572373316148917,0.0015028591831747597,16,,,0.0,3.1859861670527607,3.19659158680588,379.70361328125,442.0,,,,,,,,,,,0
fixed_space,distributed,5,0,1024,0,0.013763521874751501,0.16591275945358452,0.00048553412508023635,16,,,0.0,3.5590242960024625,3.5702623969409615,424.01123046875,492.0,,,,,,,,,,,0
fixed_space,distributed,17,0,32,0,17.79599364624902,5.965902051869276,0.002849736160911278,4,,,0.0,0.41656927298754454,0.4286666458938271,208.775390625,228.0,,,,,,,,,,,0
fixed_space,distributed,17,0,48,0,15.81265020876127,5.623637649913314,0.0027233404284215165,7,,,0.0,0.7768251290544868,0.7874938901513815,231.640625,268.0,,,,,,,,,,,0
fixed_space,distributed,17,0,64,0,14.746624093175491,5.430768655204434,0.0026285015450346256,7,,,0.0,0.8691328421700746,0.8799767310265452,250.919921875,290.0,,,,,,,,,,,0
fixed_space,distributed,17,0,96,0,13.382131610835348,5.173418910321365,0.0025189715429861257,13,,,0.0,1.7886067118961364,1.799781376030296,275.0654296875,310.0,,,,,,,,,,,0
fixed_space,distributed,17,0,128,0,11.675204111507231,4.832226011168607,0.002332308259991145,14,,,0.0,2.0905950048472732,2.101056544808671,295.7958984375,336.0,,,,,,,,,,,0
fixed_space,distributed,17,0,192,0,10.173771369649172,4.51082506192585,0.0021641885632250127,16,,,0.0,2.5687647410668433,2.5792626249603927,317.205078125,358.0,,,,,,,,,,,0
fixed_space,distributed,17,0,256,0,8.55118509313096,4.135501201337259,0.00202921997674331,16,,,0.0,2.749358282890171,2.7600887869484723,338.5068359375,382.0,,,,,,,,,,,0
fixed_space,distributed,17,0,512,0,4.453845038134299,2.984575359455445,0.0015147525990447225,16,,,0.0,3.195771921193227,3.207762283971533,380.98486328125,426.0,,,,,,,,,,,0
fixed_space,distributed,17,0,1024,0,0.014367886980847353,0.16951629408907778,0.0004623317605905318,16,,,0.0,3.5782212540507317,3.5889240009710193,424.6611328125,492.0,,,,,,,,,,,0
