method,target_regime,target_seed,selection_seed,active_k,birth_count,image_loss,residual_norm,geometry_rms_error,optimizer_steps,last_step_relative_improvement,gradient_norm,cumulative_scoring_seconds,cumulative_optimization_seconds,total_runtime_seconds,peak_allocated_mib,peak_reserved_mib,best_remaining_candidate_score,last_predicted_quadratic,last_predicted_raw,last_realized_birth_gain,last_new_only_gain,responsive_candidate_fraction,zero_jacobian_candidate_fraction,median_affected_pixels,median_affected_views,candidate_jacobian_nnz,active_parameters_per_affected_pixel,active_bases_per_query,near_null_candidate_fraction,nonfinite_candidate_score_count,no_birth_continuation_gain,root_failures,minimum_denominator_magnitude,line_search_failures,cg_failures,symmetric_chamfer,point_to_surface_mean,point_to_surface_p95,surface_rms,normal_consistency,normal_error,regional_ear_p2s_mean,regional_head_p2s_mean,regional_leg_p2s_mean,regional_torso_p2s_mean
quadratic,bunny,0,0,32,0,36.572362562666186,8.552468949100744,0.0028336085124495633,5,3.5764154919064594e-08,0.32525648375086963,0.07408592593856156,1.7784079629927874,2.341756839072332,260.583984375,328.0,1.046849599209234,,,,,0.9808467626571655,0.019153226166963577,388.0,2.0,2726522.0,2.824718008771833,2.6119384765625,0.021169353276491165,0.0,1.7555208131625477e-06,0,0.38623930760295955,0,0,0.009293792131943443,0.002578329746078151,0.0067544522584080495,0.0058290160577305255,0.9850810164076027,0.014918983592397295,0.0030965767441591225,0.0016931255169091214,0.004448312903433087,0.0016408229034003833
quadratic,bunny,0,0,64,32,32.388249155539,8.048384826229297,0.0025771647331466543,37,0.0015522295353327755,16.802511892656437,1.6432605641894042,15.153268652036786,31.611322588054463,287.4013671875,340.0,0.09387069902786524,0.09997718415819486,16.571939131983786,0.05035215503914969,0.04801609809595675,0.9791667461395264,0.02083333395421505,382.0,2.0,2720642.0,3.1216068142818747,2.9947509765625,0.02187500149011612,0.0,0.00022510156983202023,0,0.46535679461139245,0,0,0.00920215865259462,0.0024344024475267422,0.005964122566568534,0.005713921387136643,0.985449582751831,0.014550417248168968,0.002347220815163212,0.0016776344435588488,0.004443416068880003,0.001579723004953968
quadratic,bunny,0,0,128,96,30.46548670801579,7.8058294508675745,0.002475971058209785,101,0.0005277565627275684,6.9787221320728134,4.785373072139919,42.0235930965282,89.47495995205827,290.296875,340.0,0.03190149819647928,0.032279167887986855,5.337260188190868,0.01608685048776337,0.015788405949134443,0.9776785969734192,0.0223214291036129,362.0,2.0,2718452.0,3.746305696559504,3.509033203125,0.02343750186264515,0.0,0.0027555180069782637,0,0.47473329048823426,0,0,0.009144998490380111,0.002330455856494797,0.005741835635754828,0.005660637992578702,0.9855204572800307,0.014479542719969318,0.0020210422585574305,0.001642504869697467,0.004370303706060468,0.0015115893192558954
quadratic,bunny,0,0,192,160,29.672926592861337,7.703625976494619,0.0024864080489043227,165,0.00029834284923136806,8.391065284305295,7.940359727013856,69.22949076280929,147.8099554409273,296.833984375,340.0,0.014936971568495352,0.015014889425246163,5.4510224939022764,0.008855347394316482,0.0,0.9759615659713745,0.024038461968302727,346.0,2.0,2717835.0,4.327545075714915,3.97412109375,0.02524038590490818,0.0,0.0009036763744560972,0,0.4746999109041819,0,0,0.009124015982311629,0.0022892263212423093,0.005686267925111312,0.005660072520621062,0.9855005528037959,0.014499447196204107,0.001963754357807059,0.0016348767045887079,0.004291547182986712,0.0014870417250424622
quadratic,bunny,0,0,256,224,29.24022023078292,7.647250516464453,0.0025288816862902175,229,0.00023281714531607064,5.534810705812367,11.10818057646975,96.60673083877191,206.32534102909267,299.82177734375,340.0,0.008874168946264391,0.009012838685997162,2.516189940161391,0.006809209903337887,7.105427357601002e-15,0.9739583730697632,0.0260416679084301,331.0,1.0,2717749.0,4.896459816887081,4.545166015625,0.02734375,0.0,0.0020432001773258435,0,0.47663608336840924,0,0,0.009121857816710122,0.002279349653712179,0.005724255376684696,0.0056740588309218305,0.9854873689209447,0.014512631079055316,0.0019195565739691287,0.0016187131618193068,0.004330316616893244,0.0014635288576985994
raw,bunny,0,0,32,0,36.57236256266618,8.552468949100742,0.0028336085124495433,5,3.576415511334865e-08,0.32525648377985955,0.04954250203445554,1.7968399228993803,2.3432362889871,260.583984375,328.0,1.046849599209173,,,,,0.9808467626571655,0.019153226166963577,388.0,2.0,2726522.0,2.824718008771833,2.6119384765625,0.021169353276491165,0.0,1.7555207278974194e-06,0,0.38623930760295944,0,0,0.009293792131943443,0.002578329746078151,0.0067544522584080495,0.0058290160577305255,0.9850810164076027,0.014918983592397295,0.0030965767441591225,0.0016931255169091214,0.004448312903433087,0.0016408229034003833
raw,bunny,0,0,64,32,32.82948944683981,8.103022824457526,0.0025260678335580745,37,0.0014187264298374162,21.71504967042066,1.6270743743516505,15.26818564790301,32.032000527950004,288.35986328125,340.0,0.27608221500281277,0.07590849603149183,21.70428339498533,0.046642236930587444,0.0,0.9791667461395264,0.02083333395421505,369.0,2.0,2720367.0,3.4941102640864994,3.279052734375,0.02187500149011612,0.0,4.9841113380466595e-05,0,0.47739582629440874,0,0,0.009187580095398648,0.0024154360765513395,0.0060552759541392664,0.0056985270901826,0.9854078207490166,0.01459217925098344,0.0023525760174392552,0.0016637107738711816,0.004416690713770231,0.0015560775614605993
raw,bunny,0,0,128,96,30.821564374383268,7.851313823097796,0.0023897505023422047,101,0.0019811020189710138,9.163636186247484,4.677612442756072,41.576199929229915,88.8146066418849,295.04052734375,340.0,0.22037588722773263,0.12292619234442365,8.849009267694443,0.06118187093799676,0.061437649601927546,0.9776785969734192,0.0223214291036129,342.0,2.0,2718287.0,4.314396641327165,3.9488525390625,0.02343750186264515,0.0,0.0001648363383459639,0,0.4746519274068385,0,0,0.009116574052012157,0.002291853784433514,0.00574445468418003,0.005633547760140915,0.9854960890774747,0.014503910922525343,0.002035372909549941,0.001587814162406418,0.00428346994294239,0.001486113578596419
raw,bunny,0,0,192,160,29.997138487096027,7.745597263877851,0.0023536780503312744,165,0.00032401110932940683,5.902978432397372,7.7424273900687695,68.08742829156108,145.5858164720703,303.44287109375,352.0,0.2073358149385747,0.019308691276846493,5.451776974915867,0.009722556334168075,0.0,0.9759615659713745,0.024038461968302727,322.0,1.0,2717638.0,4.998150594451784,4.61474609375,0.02524038590490818,0.0,8.472440573115136e-06,0,0.4744889578551443,0,0,0.0091001275918694,0.0022615428956808356,0.0057001189566137835,0.005610237469608082,0.9855640119555732,0.014435988044426806,0.0019987214166880076,0.001534200886047416,0.0042429467036654645,0.0014689283053188453
raw,bunny,0,0,256,224,29.504249283007958,7.6816989374757405,0.0023639989930294585,229,9.752369102827694e-05,4.629718321115973,10.89172680908814,95.78529203590006,204.32190835499205,305.90966796875,352.0,0.21096407282766125,0.0043143721340859085,3.92406018861011,0.0028776439296152034,1.0658141036401503e-14,0.9739583730697632,0.0260416679084301,304.0,1.0,2717655.0,5.5638052693030104,5.0909423828125,0.02734375,0.0,0.0001815967793667994,0,0.4756780595260994,0,0,0.00908552424686831,0.002231186106893682,0.005602038056098416,0.005609791027073347,0.9855468438542963,0.01445315614570375,0.0019372644712075354,0.0014776307396028678,0.004236961403594078,0.0014417316781363831
uniform,bunny,0,0,32,0,36.572362562666065,8.55246894910073,0.0028336085124495637,5,3.5764157639041455e-08,0.3252564837467867,0.04859216581098735,1.77911235881038,2.3319964688271284,260.583984375,328.0,1.0468495992091424,,,,,0.9808467626571655,0.019153226166963577,388.0,2.0,2726522.0,2.824718008771833,2.6119384765625,0.021169353276491165,0.0,1.755520777635411e-06,0,0.3862393076029594,0,0,0.009293792131943443,0.002578329746078151,0.0067544522584080495,0.0058290160577305255,0.9850810164076027,0.014918983592397295,0.0030965767441591225,0.0016931255169091214,0.004448312903433087,0.0016408229034003833
uniform,bunny,0,0,64,32,34.99587802680099,8.366107580804945,0.002708238816580277,37,0.00036133189356410487,20.933025257768666,1.632997787790373,15.182872495613992,32.21118959086016,292.5400390625,340.0,0.7157991913521927,0.02318205693996145,20.9266266216666,0.012649697613554167,0.0,0.9802083969116211,0.01979166828095913,370.0,2.0,2723451.0,3.917192597335285,3.9130859375,0.02187500149011612,0.0,2.0225085719971503e-05,0,0.47472419868036336,0,0,0.00923978854665663,0.0024937387698871264,0.006418597464725315,0.005774766767157036,0.9851754012211013,0.014824598778898745,0.002640637666446587,0.0017034223036759024,0.004426712256129113,0.001614921207004265
uniform,bunny,0,0,128,96,34.016319413198865,8.248190033358696,0.002610077678425358,101,0.00011703310854934344,8.201020216932143,5.050993705401197,43.32385198911652,93.37988841999322,302.27685546875,340.0,0.7171401846818676,0.001878814841536473,3.9924382187130294,0.0039815015698181355,0.0,0.9787946939468384,0.0212053582072258,336.0,1.0,2720919.0,5.226243332486665,5.226806640625,0.02343750186264515,0.0,0.002823293051825715,0,0.47887666170482956,0,0,0.009202800671627584,0.0024328129040821636,0.006092444734277392,0.005728181963136351,0.9853016570770573,0.014698342922942698,0.002584559578998465,0.0016882063521420415,0.004333762965985184,0.001558275278184788
uniform,bunny,0,0,192,160,33.10401793496283,8.136832053688073,0.0026519483759861037,165,0.00014275403179223956,6.218155367524883,8.314660735195503,71.31976772844791,153.08766818791628,309.50537109375,360.0,0.7376177794311255,0.008890496308455639,5.698827711041529,0.0047264067423569145,0.0,0.9759615659713745,0.024038461968302727,312.0,1.0,2720024.0,5.942419225417204,5.8709716796875,0.02524038590490818,0.0,0.00020998468067290332,0,0.4792242689682481,0,0,0.009210353066243453,0.0024378733795168343,0.006129726434412154,0.005743989124092826,0.985357374040648,0.014642625959351951,0.0025130746013397854,0.0016828489290693148,0.004461527427079881,0.0015244855106507768
uniform,bunny,0,0,256,224,32.497263871541506,8.061918366188225,0.00267045526200626,229,0.0001562060239635142,5.85626476938504,11.49650375219062,99.48139541829005,212.8798634877894,313.7802734375,360.0,0.7308431253714924,0.005515356798228833,4.892073377631032,0.005077061446655762,0.0,0.9752604365348816,0.02473958395421505,292.0,1.0,2719243.0,6.5645028592323245,6.514892578125,0.0260416679084301,0.0,0.000387073256447934,0,0.4791908030403188,0,0,0.009207684451304592,0.0024290649523598163,0.0062013894323333955,0.005746728878546632,0.9854435367008507,0.01455646329914928,0.002419301708021875,0.00162900500756971,0.004454695734880949,0.0015521158734185443
random,bunny,0,101,32,0,36.572362562666115,8.552468949100735,0.0028336085124495668,5,3.576415841617762e-08,0.3252564837458413,0.04982051393017173,1.9626169931143522,2.5077709609176964,260.583984375,328.0,1.0468495992092073,,,,,0.9808467626571655,0.019153226166963577,388.0,2.0,2726522.0,2.824718008771833,2.6119384765625,0.021169353276491165,0.0,1.755520877111394e-06,0,0.3862393076029595,0,0,0.009293792131943443,0.002578329746078151,0.0067544522584080495,0.0058290160577305255,0.9850810164076027,0.014918983592397295,0.0030965767441591225,0.0016931255169091214,0.004448312903433087,0.0016408229034003833
random,bunny,0,101,64,32,36.17072255455603,8.505377423084296,0.0028059312602773706,37,3.4452850889203525e-06,0.5205024233735928,1.610382380662486,15.34412540635094,31.642331606009975,287.29296875,340.0,1.0463407579319397,0.00015940003943733328,0.2501319821805821,0.00012461888042025748,0.0,0.9812500476837158,0.01875000074505806,384.0,2.0,2726211.0,3.146968816154614,2.9156494140625,0.02083333395421505,0.0,3.107836015203702e-05,0,0.3862234206252904,0,0,0.009282364087366688,0.0025578196711528176,0.006515518273376917,0.005815755879902775,0.9851150673028122,0.014884932697187825,0.003087375139372521,0.001691048210808527,0.004413112533652158,0.0016200741698101549
random,bunny,0,101,128,96,35.80618744988646,8.462409520920913,0.0027766910509385814,101,0.00018723758735110036,5.773537082466921,4.778816697187722,42.28636582638137,89.5981061779894,288.4384765625,340.0,1.0433539792809494,0.011606312449720765,5.641238909611389,0.006705519675698213,0.0,0.9799107313156128,0.0200892873108387,384.0,2.0,2725761.0,3.4387602883341506,3.2744140625,0.0223214291036129,0.0,8.852145388971167e-05,0,0.38627825092934986,0,0,0.009262710430907135,0.0025231496113519852,0.0064761281588880636,0.00579921255648326,0.985170814302938,0.014829185697062042,0.0029869866106832354,0.0016631107367072967,0.004374459497359148,0.0016063041419786535
random,bunny,0,101,192,160,35.2351674405647,8.394661093881599,0.0027447462737894683,165,5.9511898052941585e-06,1.0910591494439823,7.9458220230881125,69.50465825758874,147.85275817289948,290.81591796875,340.0,1.0460199949327293,0.00018052537705179849,0.7384568694519706,0.00020969241718660214,0.0,0.9807692766189575,0.01923076994717121,388.0,2.0,2725377.0,3.8356842007223353,3.6573486328125,0.02163461595773697,0.0,6.731828946016094e-05,0,0.38629584518490845,0,0,0.009249004902311946,0.0025003795044364896,0.0064638699121242465,0.005780299503681807,0.9852297642402645,0.014770235759735462,0.0029371703502499534,0.001664039526585208,0.0043699510498365155,0.0015764157610251095
random,bunny,0,101,256,224,34.72075698444651,8.333157502945268,0.0027318642688685243,229,4.287344055021052e-05,0.950875031650926,11.111656243214384,96.68140462576412,206.1808209239971,296.8037109375,340.0,1.0293864861260236,0.006239920978123718,0.6254411435299007,0.0014886621345056028,0.002869760694125034,0.9830729365348816,0.01692708395421505,388.0,2.0,2724364.0,4.212541546187012,4.044921875,0.01953125,0.0,0.001028681311247226,0,0.38892966639969045,0,0,0.009242750421790057,0.0024900948418476,0.006501358821374217,0.0057750307896650525,0.9853167356927112,0.014683264307288835,0.002864786488114225,0.0016370597435358888,0.004376682699089628,0.001580501761036378
random,bunny,0,211,32,0,36.572362562666164,8.55246894910074,0.0028336085124495633,5,3.576415355907623e-08,0.32525648374862676,0.051318285055458546,2.017375997034833,2.5688341199420393,260.583984375,328.0,1.046849599209172,,,,,0.9808467626571655,0.019153226166963577,388.0,2.0,2726522.0,2.824718008771833,2.6119384765625,0.021169353276491165,0.0,1.7555208415842571e-06,0,0.38623930760295966,0,0,0.009293792131943443,0.002578329746078151,0.0067544522584080495,0.0058290160577305255,0.9850810164076027,0.014918983592397295,0.0030965767441591225,0.0016931255169091214,0.004448312903433087,0.0016408229034003833
random,bunny,0,211,64,32,36.27572847715771,8.517714303398266,0.002831245148758435,37,6.263356442129615e-05,2.172900110208459,1.631645161891356,15.43910235655494,31.739513674983755,286.06640625,340.0,1.032665575617416,0.0041993958653934686,1.9854437189418273,0.0022722204937792867,0.0,0.9802083969116211,0.01979166828095913,388.0,2.0,2726323.0,3.008728461017532,2.8797607421875,0.02187500149011612,0.0,5.9577874800709196e-05,0,0.38652292885314554,0,0,0.009289306288678925,0.002571396682110284,0.006669571655159931,0.0058226687792491,0.9850804791708336,0.014919520829166366,0.0030421422252071254,0.0016880078245864513,0.004447331786744339,0.0016450527114023625
random,bunny,0,211,128,96,35.54635379467452,8.431649161898818,0.0027968115743978975,101,1.9365032917638174e-05,2.8842029925774555,4.782214792678133,42.493346120463684,89.8657428198494,289.60693359375,340.0,1.0308989788768896,0.0009206165960723487,1.0368554257639273,0.0006883696416437601,0.0,0.981026828289032,0.01897321455180645,382.0,2.0,2723606.0,3.4117376919142894,3.354248046875,0.0212053582072258,0.0,0.0003693071414900828,0,0.3865464607936248,0,0,0.009265875180338428,0.002527479397907312,0.006565631303267076,0.005806646698586206,0.9850834322984915,0.01491656770150851,0.0029169411797977363,0.0016741509361061892,0.0043858890818518305,0.0016283412567514735
random,bunny,0,211,192,160,34.9915664275427,8.365592199903448,0.002752488434451902,165,2.657768494910661e-05,1.3224958693068614,7.94333630008623,69.5044394149445,147.8624351278413,291.78857421875,340.0,1.0037493270310587,0.0017722940099190287,0.7982107741651334,0.0009300195461676708,1.4210854715202004e-14,0.9807692766189575,0.01923076994717121,382.0,2.0,2723010.0,3.812024463563802,3.7874755859375,0.02163461595773697,0.0,0.0004633748981603958,0,0.3869100067680299,0,0,0.00924443598634062,0.0024900745839240325,0.006467781404463518,0.005785034878401206,0.9850393810353728,0.014960618964627193,0.0028838949034729836,0.0016542705499046045,0.004336818128809526,0.001591475044759809
random,bunny,0,211,256,224,34.083877783810884,8.256376660958594,0.002724910698776785,229,0.0001512554947829724,14.271258359381525,11.108377827331424,96.65445986529812,206.0039850778412,294.8251953125,360.0,0.7681521315119102,0.0013839986517776236,5.306238425406233,0.005156153694912291,0.0,0.9817708730697632,0.0182291679084301,377.0,2.0,2722776.0,4.208914022022393,4.2352294921875,0.02083333395421505,0.0,0.0004933309048240631,0,0.47489262791728915,0,0,0.009226629220764383,0.0024603178333855243,0.006480817686811693,0.005774224378602928,0.985130239132753,0.014869760867247006,0.002733627488082134,0.0016321101915173686,0.004335776781119627,0.0015820671278044475
random,bunny,0,307,32,0,36.572362562666044,8.552468949100726,0.0028336085124495447,5,3.576415530763283e-08,0.32525648378216737,0.04909881902858615,1.7845897621009499,2.3262899888213724,260.583984375,328.0,1.046849599209204,,,,,0.9808467626571655,0.019153226166963577,388.0,2.0,2726522.0,2.824718008771833,2.6119384765625,0.021169353276491165,0.0,1.7555207492137015e-06,0,0.38623930760295944,0,0,0.009293792131943443,0.002578329746078151,0.0067544522584080495,0.0058290160577305255,0.9850810164076027,0.014918983592397295,0.0030965767441591225,0.0016931255169091214,0.004448312903433087,0.0016408229034003833
random,bunny,0,307,64,32,36.28260259825376,8.518521303401636,0.002818440345345898,37,7.307812276159843e-06,2.1263191957994945,1.6175988898612559,15.187317643780261,31.398538421839476,286.53173828125,340.0,1.0271876175124557,0.09347264915903121,0.3038950635360096,0.00026514838634739135,0.008701709020606074,0.9812500476837158,0.01875000074505806,388.0,2.0,2725975.0,2.9910173794180825,2.8194580078125,0.02083333395421505,0.0,7.69753306713028e-05,0,0.387400745248387,0,0,0.00928264055729335,0.002559034280426173,0.00670258946316715,0.005818584593404546,0.9850634531930025,0.01493654680699752,0.003057198764008548,0.0016917699449903708,0.00442651456738587,0.0016246946809050534
random,bunny,0,307,128,96,35.793929426648766,8.46096087056887,0.00283269267770381,101,2.6673717396165412e-05,1.3017821126941265,4.76599522982724,42.0526275660377,89.05451595201157,288.46630859375,340.0,1.0242843053489232,0.0011756818764002085,0.8347516203975377,0.000954782625626649,0.0,0.9799107313156128,0.0200892873108387,388.0,2.0,2725180.0,3.283755483084489,3.17578125,0.0223214291036129,0.0,0.00014238835212410095,0,0.38742765691916015,0,0,0.009280422498447695,0.0025514218531914575,0.006758393598709522,0.005824207856692215,0.9850789081452707,0.01492109185472934,0.0029538422433032624,0.0017534817099208717,0.004428660425726235,0.001624635974639695
random,bunny,0,307,192,160,34.82858513770696,8.346087123641468,0.0028759571096203976,165,0.00011091072702004687,2.2186844089498874,7.9199298832099885,68.9607831609901,146.67969540390186,291.0380859375,340.0,1.0091655856272184,0.006423372244228293,1.9982233119349084,0.0038632921792398633,0.0,0.9807692766189575,0.01923076994717121,388.0,2.0,2722918.0,3.667153900789525,3.616455078125,0.020432693883776665,0.0,0.0005613349769220122,0,0.388087491031358,0,0,0.009286398877695261,0.0025519887427295166,0.006797117870585508,0.005840674331845292,0.98507495411855,0.01492504588145005,0.002875546476028626,0.001768750659091989,0.0045152476081943786,0.0016003971912402042
random,bunny,0,307,256,224,33.88081789938615,8.23174561066924,0.0028071349516476957,229,8.514620511993024e-05,6.048384073511883,11.080141214421019,95.96997911436483,204.50458357599564,294.16796875,340.0,0.852824170140979,0.005506831391489528,4.896680981508567,0.002885068723145423,0.0,0.98046875,0.01953125,388.0,2.0,2722749.0,3.9534272797621473,3.961669921875,0.02083333395421505,0.0,0.00047912546239103904,0,0.38506397739072734,0,0,0.009264765897414956,0.0025191719613489334,0.006676676083507294,0.005812446374415752,0.9853336345760504,0.014666365423949612,0.002667038904112228,0.0017606301758831275,0.004482067195541648,0.0016163425062701694
fixed_space,bunny,0,0,32,0,36.572362562666086,8.552468949100732,0.0028336085124495264,5,,,0.0,1.7793927730526775,1.863559844205156,260.2578125,284.0,,,,,,,,,,,,2.6119384765625,,,,0,0.3862393076029595,0,0,0.009293792131943443,0.002578329746078151,0.0067544522584080495,0.0058290160577305255,0.9850810164076027,0.014918983592397295,0.0030965767441591225,0.0016931255169091214,0.004448312903433087,0.0016408229034003833
fixed_space,bunny,0,0,64,0,34.995864119400785,8.366105918454629,0.002708213656893351,13,,,0.0,4.619972093962133,4.701634754892439,283.5439453125,324.0,,,,,,,,,,,,3.9130859375,,,,0,0.4747271940667492,0,0,0.009239756504821398,0.0024936840626561783,0.00641962630946303,0.005774742610407008,0.9851748813161101,0.014825118683889915,0.0026403983025758224,0.0017035880127630678,0.004426763491281317,0.0016148134561590015
fixed_space,bunny,0,0,128,0,34.006955187876436,8.247054648524701,0.002607986828311814,16,,,0.0,5.906374940881506,5.989396282937378,301.71044921875,334.0,,,,,,,,,,,,5.226806640625,,,,0,0.47881922483548583,0,0,0.009201943511590784,0.0024312699849008334,0.006091859348437139,0.005726941784535516,0.9852998326532043,0.01470016734679569,0.002574304692101764,0.0016885331111064013,0.0043363224458273925,0.0015568018795021142
fixed_space,bunny,0,0,256,0,32.50490300415189,8.06286586818259,0.002617090767321756,16,,,0.0,5.961090128170326,6.044351395918056,323.10009765625,354.0,,,,,,,,,,,,6.514892578125,,,,0,0.47897909296415214,0,0,0.00919148153412595,0.002406619460450208,0.006105488075066794,0.005721194159260366,0.9853998610089221,0.014600138991077927,0.0024027777987513876,0.0016204436869579183,0.004425620477410829,0.0015279406821061422
fixed_space,bunny,0,0,512,0,30.51063539126693,7.811611279533427,0.002510473971300689,16,,,0.0,6.205331516917795,6.281779133947566,345.84375,386.0,,,,,,,,,,,,7.78662109375,,,,0,0.4783420574893067,0,0,0.009136435593490401,0.0023099266392899546,0.005912149152714311,0.005670416086951208,0.9855277627815253,0.014472237218474682,0.002144774952384234,0.0015965528562512752,0.004380363516001582,0.0014361862612452248
fixed_space,bunny,0,0,1024,0,28.451992012239124,7.543472941853656,0.002342283979455186,16,,,0.0,6.358915234915912,6.442945316899568,366.11376953125,408.0,,,,,,,,,,,,9.0928955078125,,,,0,0.47713444599095434,0,0,0.009043003741748953,0.0021446478182354516,0.005770631637571089,0.005591476328907852,0.9855761722769716,0.014423827723028415,0.0017998974867188078,0.00139260635336413,0.004197580502767042,0.0013455651593870938
