active_bases_per_query,active_k,active_parameters_per_affected_pixel,actual_batch_size,best_remaining_candidate_score,birth_count,birth_round,birth_rounds,birth_top10_fraction,birth_top25_fraction,candidate_jacobian_nnz,cg_failures,chamfer_recovered_headroom_percent,cumulative_optimization_seconds,cumulative_scoring_seconds,geometry_rms_error,gradient_norm,image_loss,independent_sum_gain,joint_to_independent_ratio,last_new_only_gain,last_predicted_quadratic,last_predicted_raw,last_realized_birth_gain,last_step_relative_improvement,line_search_failures,maximum_batch_size,mean_batch_size,median_affected_pixels,median_affected_views,median_batch_size,method,minimum_denominator_magnitude,near_null_candidate_fraction,no_birth_continuation_gain,nominal_batch_size,nonfinite_candidate_score_count,normal_consistency,normal_error,optimizer_steps,p2s_p95_recovered_headroom_percent,pairwise_correlation_max,pairwise_correlation_mean,peak_allocated_mib,peak_reserved_mib,point_to_surface_mean,point_to_surface_p95,predicted_batch_gain,regional_ear_p2s_mean,regional_ear_recovered_headroom_percent,regional_head_p2s_mean,regional_head_recovered_headroom_percent,regional_leg_p2s_mean,regional_leg_recovered_headroom_percent,regional_torso_p2s_mean,regional_torso_recovered_headroom_percent,requested_k,residual_norm,responsive_candidate_fraction,rho_off,root_failures,selection_seed,sigma,surface_rms,symmetric_chamfer,target_regime,target_seed,total_runtime_seconds,transport_event_fraction,zero_jacobian_candidate_fraction
,0,,,,,,0,,,,,0.0,0.0,0.0,,,38.783085142116754,,,,,,,,,0,0.0,,,0.0,base,,,,,,0.9848988195228501,0.015101180477149923,,0.0,,,0.0,,0.0027100602138755937,0.007063585749174949,,0.003301353806853918,0.0,0.0020248231286600993,0.0,0.004530404154138295,0.0,0.0017270811802957945,0.0,,,,,0,,1.5,0.005891512404351163,0.009375574996282202,,,0.0,0.00170135498046875,
2.6119384765625,32,,,,0,,0,,,,0,24.59108032458741,1.6959903279785067,0.0,0.0028336085124495637,,36.57236256266607,,,,,,,,0,0,0.0,,,0.0,fixed_space,0.38623930760295944,,,,,0.9850810164076027,0.014918983592397295,5,23.90908447504231,,,549.2685546875,566.0,0.002578329746078151,0.0067544522584080495,,0.0030965767441591225,13.638562770601826,0.0016931255169091214,52.465803615491744,0.004448312903433087,24.665089264836467,0.0016408229034003833,22.60934591683985,,8.55246894910073,,,0,0,1.5,0.0058290160577305255,0.009293792131943443,bunny,0,1.775245683034882,0.00170135498046875,
6.514892578125,256,,,,0,,0,,,,0,55.3545923307835,5.714563781861216,0.0,0.0026170907673224416,,32.50490300415212,,,,,,,,0,0,0.0,,,0.0,fixed_space,0.4789790929641169,,,,,0.9853998610089221,0.014600138991077927,16,74.10144455317688,,,613.38525390625,656.0,0.002406619460450208,0.006105488075066794,,0.0024027777987513876,59.84696298202475,0.0016204436869579183,63.96214993075321,0.004425620477410829,31.48324234042605,0.0015279406821061422,52.19715222321107,,8.062865868182618,,,0,0,1.5,0.005721194159260366,0.00919148153412595,bunny,0,5.794837067136541,0.00170135498046875,
9.0928955078125,1024,,,,0,,0,,,,0,100.0,6.115851445123553,0.0,0.0023422839794554166,,28.451992012239064,,,,,,,,0,0,0.0,,,0.0,fixed_space,0.4771344459908902,,,,,0.9855761722769716,0.014423827723028415,16,100.00000000000001,,,655.70556640625,700.0,0.0021446478182354516,0.005770631637571089,,0.0017998974867188078,100.0,0.00139260635336413,100.0,0.004197580502767042,100.0,0.0013455651593870938,100.0,,7.543472941853648,,,0,0,1.5,0.005591476328907852,0.009043003741748953,bunny,0,6.194898822112009,0.00170135498046875,
2.6119384765625,32,2.824718008771833,0,1.0468495992091664,0,0,8,,,2726522.0,0,24.59108032458741,1.7476558738853782,0.04853675304912031,0.00283360851244957,0.32525648374388627,36.572362562666065,,,,,,,3.576415822189361e-08,0,32,28,388.0,2.0,32.0,dynamic,0.38623930760295977,0.021169353276491165,0.0,0,0.0,0.9850810164076027,0.014918983592397295,5,23.90908447504231,0.0,0.0,282.7607421875,354.0,0.002578329746078151,0.0067544522584080495,,0.0030965767441591225,13.638562770601826,0.0016931255169091214,52.465803615491744,0.004448312903433087,24.665089264836467,0.0016408229034003833,22.60934591683985,32,8.55246894910073,0.9808467626571655,0.0,0,0,1.5,0.0058290160577305255,0.009293792131943443,bunny,0,1.8746389539446682,0.00170135498046875,0.019153226166963577
2.923583984375,61,3.0287941473785134,29,0.4420853847742753,29,1,8,0.5862068965517241,0.7931034482758621,2721881.0,0,51.72202030415746,2.144530469784513,0.1250269473530352,0.0025430457577164263,286.01338800344075,33.106015705639834,7.35114721778421,0.9874444317557731,,7.258849387217962,1041.1149138908759,3.466346857026231,0.09478050128937436,0,32,28,380.0,2.0,32.0,dynamic,0.46786637576154155,0.021806854754686356,0.0,32,0.0,0.9853161585670982,0.0146838414329018,6,80.83077059824261,0.08957596213075517,0.0008557122213095845,359.84375,394.0,0.0024437413416515787,0.006018480977283887,7.258849387217962,0.0025239832672514016,51.77443587120561,0.0016743077590121278,55.442276026902235,0.004389753793818834,42.25972515473976,0.001573591676003839,40.23147020834719,64,8.137077571909934,0.979231595993042,0.016342413378046455,0,0,1.5,0.005709684457135805,0.009203562424486724,bunny,0,2.643178056925535,0.00170135498046875,0.020768433809280396
3.1641845703125,93,3.2919670389736293,32,0.07813372230885007,61,2,8,0.375,0.75,2720484.0,0,61.16426603482629,2.5530525830108672,0.202394082210958,0.0024490254908119645,102.21680139678914,31.744920227027457,2.929441034892052,1.0005247267585882,,2.9309781909907664,455.33326427873305,1.361095478612377,0.04111323726522936,0,32,28,369.0,2.0,32.0,dynamic,0.48404714251350955,0.02255639061331749,0.0,32,0.0,0.9854375351637905,0.014562464836209488,7,99.33515471539951,0.0451276670704144,0.00029399108619593674,361.98388671875,394.0,0.002393241172884822,0.005779227782014135,2.9309781909907664,0.0023549559509859867,63.03199388329649,0.001647438543298032,59.69227646409676,0.004332087765457688,59.586026372684735,0.001557953525707615,44.330420039858,96,7.9680512331469675,0.9785177707672119,0.006992561810565636,0,0,1.5,0.00566063372300723,0.009172160229404126,bunny,0,3.492429877864197,0.00170135498046875,0.021482277661561966
3.4708251953125,125,3.6518586884069117,32,0.049507923463856504,93,3,8,0.1875,0.46875,2719569.0,0,73.37502100816162,2.9660963269416243,0.279020146233961,0.002368373247228977,96.5334935615059,30.94719370556401,1.5897768305507187,0.9969585273132788,,1.5849415677426166,381.81189831677773,0.7977265214634457,0.025129265273260853,0,32,28,362.0,2.0,32.0,dynamic,0.47530257011671195,0.023359287530183792,0.0,32,0.0,0.9854877504310893,0.014512249568910729,8,110.47323047304454,0.06006519391355541,0.00040764947104172337,364.869140625,414.0,0.002324679738124626,0.005635217573552111,1.5849415677426166,0.0021776461427010564,74.84118246288666,0.0016184239662217785,64.28161641994821,0.004264556002340183,79.8765804962484,0.001512946253455155,56.12737476413433,128,7.8672986095055535,0.9777530431747437,0.010797818648737804,0,0,1.5,0.005623480274866259,0.009131550768401324,bunny,0,4.348355537978932,0.00170135498046875,0.022246940061450005
3.7108154296875,157,3.94670917086071,32,0.0308623266187057,125,4,8,0.15625,0.59375,2718896.0,0,81.58495882237197,3.3802508788648993,0.356650602305308,0.002320529689429094,67.85516490988864,30.395493572819476,0.9207971919301069,0.9998294411949429,,0.9206401418613513,272.2657003377959,0.5517001327445357,0.01782714575006243,0,32,28,352.0,2.0,32.0,dynamic,0.483795616825567,0.024221451953053474,0.0,32,0.0,0.9855059853732908,0.014494014626709184,9,118.50536579863483,0.0337556611818505,0.0002871682729632843,366.42626953125,414.0,0.002276986563239181,0.005531365749610305,0.9206401418613513,0.002095588861717092,80.30636182798337,0.0015651929954712141,72.70135041477056,0.004192305853178835,101.58481813611344,0.0014903522210676522,62.04954608833926,160,7.7968575173360035,0.9769319295883179,0.006525218457216904,0,0,1.5,0.005600060055474551,0.009104246875216205,bunny,0,5.204040214885026,0.00170135498046875,0.023068049922585487
3.9866943359375,189,4.238884277618945,32,0.026145662160303087,157,5,8,0.21875,0.65625,2718575.0,0,86.41751696494494,3.7805702798068523,0.43200346431694925,0.002293995351677799,57.69473868663483,30.045159284695018,0.6404478807560492,0.9970995171672385,,0.6385902726726378,191.14159409221395,0.35033428812445777,0.011525862782427305,0,32,28,347.0,2.0,32.0,dynamic,0.4781839829799472,0.025149701163172722,0.0,32,0.0,0.9855356181107817,0.01446438188921828,10,121.60707608543146,0.030150661164806386,0.00016359126007953943,368.42919921875,414.0,0.002247656345458378,0.005491262058927128,0.6385902726726378,0.002015668959186505,85.6291875045502,0.0015579112163701476,73.8531355912486,0.004153386035807708,113.2786437433909,0.0014764334322068836,65.69783032752181,192,7.7517945386465215,0.976047933101654,0.001221102366119597,0,0,1.5,0.005584436841995018,0.009088175175975401,bunny,0,6.004843540024012,0.00170135498046875,0.023952096700668335
4.26220703125,221,4.6173811547164405,32,0.022218038298083557,189,6,8,0.15625,0.34375,2718315.0,0,90.59253164449133,4.2325764717534184,0.5085025853477418,0.0022746009312263056,53.200219114940325,29.752879750939474,0.49644219765895153,1.0041107303494543,,0.498482937667618,185.0397628381242,0.2922795337555435,0.009728007463233672,0,32,28,340.0,2.0,32.0,dynamic,0.47890464268253685,0.026151929050683975,0.0,32,0.0,0.9855084661040363,0.014491533895963693,11,123.39948974728057,0.07591807031061915,0.0005270881907062031,374.33837890625,414.0,0.002222066904429128,0.005468086972789301,0.498482937667618,0.0019141688792375356,92.38929624616419,0.0015564721195668076,74.08076270580379,0.004138101685955446,117.87097057752341,0.0014630397425271766,69.20847967005943,224,7.713997634293062,0.9750933647155762,0.02394192468038568,0,0,1.5,0.005573779694973275,0.009074290277278687,bunny,0,6.900816845009103,0.00170135498046875,0.024906599894165993
4.551513671875,256,4.91145473041709,3,0.009715397735261902,224,8,8,0.0,0.0,2718081.0,0,91.96341045085538,5.096841872669756,0.663496837252751,0.002285768410011588,29.654530091496035,29.438291577121703,0.036030834675149045,0.9999999999999973,,0.03603083467514895,17.16267069429162,0.0678892628013763,0.0023008488685697503,0,32,28,328.0,1.0,32.0,dynamic,0.47808155394721,0.02734375,0.0,3,0.0,0.9855075283475944,0.014492471652405636,13,119.5377667949992,0.0,0.0,376.4677734375,414.0,0.002209796933784429,0.005518017278479573,0.03603083467514895,0.0018704885366216599,95.29849460445844,0.001487678350336204,84.96212048034214,0.004167743076629228,108.96493563930385,0.0014521524910495983,72.06216100476378,256,7.6731077898230655,0.9739583730697632,0.0,0,0,1.5,0.005573507528737378,0.009069731128434231,bunny,0,8.36340266186744,0.00170135498046875,0.0260416679084301
2.6119384765625,32,2.824718008771833,0,1.0468495992091869,0,0,8,,,2726522.0,0,24.59108032458741,1.7358758440241218,0.0485758320428431,0.0028336085124495533,0.32525648376195804,36.572362562666044,,,,,,,3.5764158221893634e-08,0,32,28,388.0,2.0,32.0,uniform_matched,0.38623930760295916,0.021169353276491165,0.0,0,0.0,0.9850810164076027,0.014918983592397295,5,23.90908447504231,0.0,0.0,550.9833984375,598.0,0.002578329746078151,0.0067544522584080495,,0.0030965767441591225,13.638562770601826,0.0016931255169091214,52.465803615491744,0.004448312903433087,24.665089264836467,0.0016408229034003833,22.60934591683985,32,8.552468949100726,0.9808467626571655,0.0,0,0,1.5,0.0058290160577305255,0.009293792131943443,bunny,0,1.8634806589689106,0.00170135498046875,0.019153226166963577
3.799560546875,61,3.797117798306859,29,0.71740474104598,29,1,8,0.10344827586206896,0.20689655172413793,2723700.0,0,40.7495901557424,2.132302855141461,0.12414382304996252,0.002710480832432631,309.838415487753,35.0303412225645,3.5208728016999506,0.8543557434692238,,3.0080779001569304,931.2916837048074,1.5420213401015417,0.04216356921047465,0,32,28,372.0,2.0,32.0,uniform_matched,0.46968625329603475,0.021806854754686356,0.0,29,0.0,0.9851451061107783,0.014854893889221676,6,46.72407679843159,0.531157504227012,0.006939519527349646,633.41845703125,678.0,0.00249433750327504,0.006459464877100683,3.0080779001569304,0.002653066931220046,43.177205153429654,0.0016998221186109888,51.406578051802384,0.004445212082837518,25.596760010828838,0.0016033585153411804,32.42921874156937,64,8.370225949466896,0.9802700281143188,0.2427819147387398,0,0,1.5,0.005777632022544425,0.009240053573084092,bunny,0,2.499898140085861,0.00170135498046875,0.019730011001229286
4.529052734375,93,4.5040804089555575,32,0.7170481413960748,61,2,8,0.0625,0.25,2721191.0,0,47.43221403627521,2.5439750070217997,0.19978227280080318,0.002647303497653494,72.19187923218101,34.48479704843545,0.8824700055372999,1.0227823579951565,,0.9025747531234384,277.0181306990788,0.5455441741290485,0.015573475880892269,0,32,28,353.0,2.0,32.0,uniform_matched,0.47541159547176637,0.02255639061331749,0.0,32,0.0,0.9852030791414399,0.014796920858560103,7,61.7355931344786,0.8139844424610727,0.005099601457628559,637.66845703125,678.0,0.002456718664854257,0.006265372859419678,0.9025747531234384,0.002531705607910295,51.26011250692696,0.0016756654834290164,55.22751987522419,0.004378386204222622,45.675224488809604,0.0016039973742048876,32.26176604530106,96,8.30479344095149,0.9795918464660645,0.3486829568967285,0,0,1.5,0.005747602545022624,0.009217829087008866,bunny,0,3.171324033057317,0.00170135498046875,0.020408164709806442
5.16845703125,125,5.161290322580645,32,0.7179333712843864,93,3,8,0.09375,0.1875,2720935.0,0,53.17500694467028,2.9516184160020202,0.27648888574913144,0.002611140377493095,65.05674942858263,34.1399159202091,0.5645604017433911,1.0173852199916935,,0.5743754085262988,223.93230459073712,0.34488112822635486,0.010000961517679282,0,32,28,337.0,1.0,32.0,uniform_matched,0.47766805907784454,0.023359287530183792,0.0,32,0.0,0.9851870980927733,0.014812901907226728,8,70.62856087828824,0.7174062021682203,0.0031030512550730693,645.76708984375,698.0,0.002424849711800238,0.006150390867332486,0.5743754085262988,0.002540481159854027,50.675643160330026,0.0016816527051743383,54.28049948929423,0.004330934329527775,59.932587058850174,0.0015584681466204848,44.19553162504279,128,8.263161128794367,0.978865385055542,0.2128680148360254,0,0,1.5,0.005728444950998461,0.00919873020858817,bunny,0,3.827802883926779,0.00170135498046875,0.021134592592716217
5.5262451171875,157,5.56964236742405,32,0.7176026836275085,125,4,8,0.0625,0.15625,2720184.0,0,53.43153140163268,3.3723036150913686,0.35273468983359635,0.00260468108842372,68.87520706528403,33.70893137705758,0.7822786755665481,0.8969928141769621,,0.7016983506670647,201.9373514703712,0.43098454315151713,0.012624065746347932,0,32,28,327.0,1.0,32.0,uniform_matched,0.47712897357997114,0.024221451953053474,0.0,32,0.0,0.9852569768948758,0.014743023105124209,9,75.02010276633624,0.3896020735362022,0.002383226711797036,649.5771484375,698.0,0.0024223274427845336,0.006093610245928163,0.7016983506670647,0.0024933446563388207,53.81502876103566,0.001667116999501454,56.57966430757661,0.0043860349852543916,43.377076205099584,0.0015421468770794619,48.473535338267894,160,8.210838127384754,0.9769319295883179,0.15855498540463495,0,0,1.5,0.005724426357382427,0.009197877081983465,bunny,0,4.510343481088057,0.00170135498046875,0.023068049922585487
5.8360595703125,189,5.903872913979259,32,0.7393998454837034,157,5,8,0.03125,0.25,2720408.0,0,56.960746694529995,3.7988986801356077,0.4306301027536392,0.0025720852373949466,61.612924738421846,33.254273492193704,0.7773765188468116,0.9874053852916871,,0.7675857611086464,196.8193357477504,0.45465788486387737,0.013487757288364209,0,32,28,315.0,1.0,32.0,uniform_matched,0.4780772729332517,0.025149701163172722,0.0,32,0.0,0.9853581675418746,0.014641832458125448,10,74.74030643286123,0.4828125062015406,0.0016916930516350983,653.88427734375,698.0,0.0024038536772504095,0.006097227884125945,0.7675857611086464,0.002439673603358353,57.3896284520635,0.0016687230799569566,56.325624788496974,0.004396295214578464,40.294293691957925,0.0015144131930827321,55.74287200483127,192,8.155277247548817,0.976047933101654,0.12694304578420168,0,0,1.5,0.005710756817219775,0.009186139926408697,bunny,0,5.200401769019663,0.00170135498046875,0.023952096700668335
6.1617431640625,221,6.22934801377307,32,0.7371340689087214,189,6,8,0.09375,0.28125,2719675.0,0,61.0203566880959,4.227216314058751,0.5086707638110965,0.0025427468042950167,60.33864668905976,32.91664613628047,0.5343567354125898,0.9995644931164012,,0.5341240193760202,148.47658770458213,0.33762735591323434,0.01015290128026697,0,32,28,307.0,1.0,32.0,uniform_matched,0.4766588803097895,0.026151929050683975,0.0,32,0.0,0.9854108909504202,0.014589109049579774,11,81.56450542947559,0.22611105068900136,0.0012586775613222284,654.45458984375,698.0,0.0023806576035952237,0.006008994122615191,0.5341240193760202,0.0024119407130968264,59.23669452315847,0.0016359864227673071,61.50369953577397,0.004357222512428897,52.03405497051646,0.0015034105451725754,58.62680015126937,224,8.11377176611229,0.9750933647155762,0.0881842708205352,0,0,1.5,0.005696422481849462,0.009172638830523938,bunny,0,5.89394128206186,0.00170135498046875,0.024906599894165993
6.514892578125,256,6.564675530456157,3,0.7310386417170155,224,8,8,0.3333333333333333,0.6666666666666666,2719444.0,0,62.09552867273015,5.073914180044085,0.6658476809971035,0.0025495164653612304,28.82387769243038,32.576828335383674,0.031402548501498005,0.9999999999999998,,0.031402548501498,9.170106774841763,0.06496046227663044,0.0019901011761130883,0,32,28,292.0,1.0,32.0,uniform_matched,0.4778844988544218,0.0260416679084301,0.0,3,0.0,0.9854451848362713,0.014554815163728696,13,77.73725366412344,0.0,0.0,655.5791015625,698.0,0.002372082230949507,0.006058478731676743,0.031402548501498,0.0023468589667439334,63.57126926103939,0.0016205798282646394,63.940615970877296,0.004381935006363346,44.60895346927651,0.0014963946606668561,60.465749008255436,256,8.0717815053907,0.9752604365348816,0.0,0,0,1.5,0.005695645696994827,0.00916906311756625,bunny,0,7.172677678987384,0.00170135498046875,0.02473958395421505
,0,,,,,,0,,,,,0.0,0.0,0.0,,,8729.657352275395,,,,,,,,,0,0.0,,,0.0,base,,,,,,0.9673167114963271,0.03268328850367286,,0.0,,,0.0,,0.005958215649007602,0.017796597246170127,,0.010407573146411829,0.0,0.004628256140555319,0.0,0.008159041878397734,0.0,0.0037230467746256143,0.0,,,,,0,,2.5,0.009074577754735146,0.011958621996371467,,,0.0,0.0052356719970703125,
2.6710205078125,32,,,,0,,0,,,,0,98.41289015781763,1.1637250178027898,0.0,0.008084729326887532,,2971.7050216060497,,,,,,,,1,0,0.0,,,0.0,fixed_space,0.20311103292468996,,,,,0.9677432490603464,0.03225675093965363,3,73.78017672694733,,,551.49169921875,588.0,0.005498458726011128,0.016139030673695893,,0.008871895710611997,69.83678010187678,0.004436326314045388,295.14738212679237,0.007911881762465376,306.1465403472919,0.0034204945529250413,633.9979277777073,,77.09351492318987,,,0,0,2.5,0.008584009981898046,0.011534843317038001,bunny,0,1.2428587740287185,0.0052356719970703125,
6.5870361328125,256,,,,0,,0,,,,0,230.07556857388371,1.1527642118744552,0.0,0.006873007303468523,,2799.916303095645,,,,,,,,1,0,0.0,,,0.0,fixed_space,0.20262054893534215,,,,,0.9689641573105311,0.031035842689468907,3,168.96805455177517,,,609.57568359375,636.0,0.004806916876949922,0.014000512559662037,,0.006763440444957597,165.72132154886307,0.0039021485891000828,1116.5994720649578,0.007103158878496927,1307.8765811860205,0.0031950191214058883,1106.4815061313366,,74.83202928019051,,,0,0,2.5,0.007822247635816106,0.01096788673353363,bunny,0,1.2305829499382526,0.0052356719970703125,
9.178466796875,1024,,,,0,,0,,,,0,100.0,0.832943859975785,0.0,0.0077197362578020345,,2877.7398728776025,,,,,,,,1,0,0.0,,,0.0,fixed_space,0.1694089632030647,,,,,0.9681132895874683,0.03188671041253166,2,100.0,,,649.70654296875,696.0,0.005578634319746412,0.015549968617712495,,0.0082086209129904,100.0,0.0045632276706678646,100.0,0.008078309260726477,100.0,0.003675325448033731,100.0,,75.86487820958526,,,0,0,2.5,0.00847559875473763,0.011528009016045533,bunny,0,0.915390047011897,0.0052356719970703125,
2.6710205078125,32,2.965154237954978,0,772.1140239811248,0,0,11,,,2722847.0,0,98.41465352749512,1.0900883020367473,0.048174288123846054,0.008084708671875343,190118.78480374036,2971.627524486917,,,,,,,0.0,1,32,20.363636363636363,376.0,2.0,22,dynamic,0.20311465162509537,0.032258063554763794,0.0,0,0.0,0.9677322240697993,0.03226777593020069,3,73.77915944181373,0.0,0.0,551.49169921875,608.0,0.005498451157824668,0.016139053528314937,,0.008871869032165159,69.83799333636333,0.004436318112412862,295.15999449878893,0.007911871618030024,306.159105820387,0.0034204944729808134,633.9980953007699,32,77.09250968138107,0.971774160861969,0.0,0,0,2.5,0.008584002869203664,0.011534835723739279,bunny,0,1.2168645239435136,0.0052356719970703125,0.02822580561041832
3.0445556640625,58,3.29791314389409,10,11.35958347216136,26,4,11,0.7000000000000001,1.0,2722847.0,0,98.41465352749512,2.7820126570295542,0.356854340294376,0.008084708671875343,192407.09841205858,2971.627524486917,112.9878685136532,0.9965873700382369,,112.60228272824776,10402.511062646148,0.0,0.0,5,32,20.363636363636363,372.0,2.0,22,dynamic,0.20311465162509537,0.03312629461288452,0.0,32,0.0,0.9677322240697993,0.03226777593020069,7,73.77915944181373,0.010350072504013142,0.00033190461808505064,630.9765625,660.0,0.005498451157824668,0.016139053528314937,112.60228272824776,0.008871869032165159,69.83799333636333,0.004436318112412862,295.15999449878893,0.007911871618030024,306.159105820387,0.0034204944729808134,633.9980953007699,64,77.09250968138107,0.9710144996643066,0.0011624657882214808,0,0,2.5,0.008584002869203664,0.011534835723739279,bunny,0,3.695709896972403,0.0052356719970703125,0.028985507786273956
3.3963623046875,80,3.711665360663175,22,4.916755878783049,48,5,11,0.6818181818181819,0.8181818181818182,2722847.0,0,98.41465352749512,3.2288830899633467,0.43338633025996387,0.008084708671875343,192411.54285514227,2971.627524486917,63.662924730939196,0.9630189734014042,,61.30860441811993,4755.0942683668645,0.0,0.0,6,32,20.363636363636363,364.0,2.0,22,dynamic,0.20311465162509537,0.032838981598615646,0.0,32,0.0,0.9677322240697993,0.03226777593020069,8,73.77915944181373,0.08784195417231068,0.0024694476417563157,637.8642578125,680.0,0.005498451157824668,0.016139053528314937,61.30860441811993,0.008871869032165159,69.83799333636333,0.004436318112412862,295.15999449878893,0.007911871618030024,306.159105820387,0.0034204944729808134,633.9980953007699,96,77.09250968138107,0.9703390002250671,0.01696168541567994,0,0,2.5,0.008584002869203664,0.011534835723739279,bunny,0,4.457790902117267,0.0052356719970703125,0.029661016538739204
3.7479248046875,112,4.061524513995487,32,2.1682318173786124,80,6,11,0.53125,0.6875,2722847.0,0,98.41465352749512,3.6758387309964746,0.5095511674880981,0.008084708671875343,192412.58869643707,2971.627524486917,46.319516390483514,0.9786548679197824,,45.33082019523684,2946.207632623391,0.0,0.0,7,32,20.363636363636363,353.0,2.0,22,dynamic,0.20311465162509537,0.03399122878909111,0.0,32,0.0,0.9677322240697993,0.03226777593020069,9,73.77915944181373,0.07052016880551848,0.0008201470308001903,637.8642578125,680.0,0.005498451157824668,0.016139053528314937,45.33082019523684,0.008871869032165159,69.83799333636333,0.004436318112412862,295.15999449878893,0.007911871618030024,306.159105820387,0.0034204944729808134,633.9980953007699,128,77.09250968138107,0.969298243522644,0.027951111192180515,0,0,2.5,0.008584002869203664,0.011534835723739279,bunny,0,5.348638771101832,0.0052356719970703125,0.030701754614710808
4.0394287109375,144,4.366756573122774,32,0.8399948435989825,112,7,11,0.40625,0.5625,2722847.0,0,98.41465352749512,4.080771537963301,0.5867153883446008,0.008084708671875343,192412.91786470215,2971.627524486917,25.412370967174276,0.9845678015731465,,25.020202215912033,1687.3229319002667,0.0,0.0,8,32,20.363636363636363,342.0,2.0,22,dynamic,0.20311465162509537,0.035227272659540176,0.0,32,0.0,0.9677322240697993,0.03226777593020069,10,73.77915944181373,0.07349363285669698,0.0009458948791024399,638.701171875,680.0,0.005498451157824668,0.016139053528314937,25.020202215912033,0.008871869032165159,69.83799333636333,0.004436318112412862,295.15999449878893,0.007911871618030024,306.159105820387,0.0034204944729808134,633.9980953007699,160,77.09250968138107,0.9681817889213562,0.025464984662584185,0,0,2.5,0.008584002869203664,0.011534835723739279,bunny,0,6.1789440959692,0.0052356719970703125,0.03181818127632141
4.338623046875,176,4.703660255816586,32,0.5486283487360543,144,8,11,0.28125,0.59375,2722847.0,0,98.41465352749512,4.53553825779818,0.6648126554209739,0.008084708671875343,192413.07650644725,2971.627524486917,14.06918009682785,0.992569699294791,,13.964641858032678,1283.357631218981,0.0,0.0,9,32,20.363636363636363,332.0,1.0,22,dynamic,0.20311465162509537,0.036556605249643326,0.0,32,0.0,0.9677322240697993,0.03226777593020069,11,73.77915944181373,0.0648426442190088,0.00034436122766746827,639.8203125,680.0,0.005498451157824668,0.016139053528314937,13.964641858032678,0.008871869032165159,69.83799333636333,0.004436318112412862,295.15999449878893,0.007911871618030024,306.159105820387,0.0034204944729808134,633.9980953007699,192,77.09250968138107,0.9669811725616455,0.009816637052701156,0,0,2.5,0.008584002869203664,0.011534835723739279,bunny,0,7.075930094113573,0.0052356719970703125,0.033018868416547775
4.5721435546875,208,4.885994349187568,32,0.33699196315287755,176,9,11,0.28125,0.65625,2722847.0,0,98.41465352749512,4.944368591764942,0.7398681694176048,0.008084708671875343,192413.16752470762,2971.627524486917,10.510751830907662,0.9935303218819208,,10.442750649782678,933.3260691500054,0.0,0.0,10,32,20.363636363636363,324.0,1.0,22,dynamic,0.20311465162509537,0.03799019753932953,0.0,32,0.0,0.9677322240697993,0.03226777593020069,12,73.77915944181373,0.08569674432792201,0.0005254464991988584,643.1103515625,680.0,0.005498451157824668,0.016139053528314937,10.442750649782678,0.008871869032165159,69.83799333636333,0.004436318112412862,295.15999449878893,0.007911871618030024,306.159105820387,0.0034204944729808134,633.9980953007699,224,77.09250968138107,0.9656863212585449,0.007261921815948548,0,0,2.5,0.008584002869203664,0.011534835723739279,bunny,0,7.884295185096562,0.0052356719970703125,0.03431372717022896
4.966796875,256,5.287126301475513,16,0.20780603737408943,224,11,11,0.0625,0.375,2722847.0,0,98.41465352749512,5.810057784663513,0.8956876103766263,0.008084708671875343,192413.2668246243,2971.627524486917,3.464535881913939,1.0005528368225687,,3.4664512049225715,319.213527366412,0.0,0.0,12,32,20.363636363636363,315.0,1.0,22,dynamic,0.20311465162509537,0.0403645858168602,0.0,16,0.0,0.9677322240697993,0.03226777593020069,14,73.77915944181373,0.003332111191026243,3.847123648865343e-05,649.9306640625,700.0,0.005498451157824668,0.016139053528314937,3.4664512049225715,0.008871869032165159,69.83799333636333,0.004436318112412862,295.15999449878893,0.007911871618030024,306.159105820387,0.0034204944729808134,633.9980953007699,256,77.09250968138107,0.9635416865348816,0.0014555058318633902,0,0,2.5,0.008584002869203664,0.011534835723739279,bunny,0,9.402129213092849,0.0052356719970703125,0.0364583358168602
2.6710205078125,32,2.965154237954978,0,772.1884020514489,0,0,11,,,2722848.0,0,98.41289016934516,1.057722904952243,0.047752172918990254,0.008084729325683658,190133.10815062805,2971.705017136547,,,,,,,0.0,1,32,20.363636363636363,376.0,2.0,22,uniform_matched,0.20311103313344606,0.032258063554763794,0.0,0,0.0,0.9677432490603464,0.03225675093965363,3,73.78017672694733,0.0,0.0,551.49169921875,608.0,0.005498458725993886,0.016139030673695893,,0.0088718957104966,69.8367801071246,0.004436326314045388,295.14738212679237,0.007911881762465376,306.1465403472919,0.0034204945529250413,633.9979277777073,32,77.0935148652148,0.971774160861969,0.0,0,0,2.5,0.008584009981855692,0.011534843316988362,bunny,0,1.1855127410963178,0.0052356719970703125,0.02822580561041832
3.7459716796875,58,3.886467329313997,10,772.188402051449,26,4,11,0.2,0.30000000000000004,2722848.0,0,98.41289016934516,2.722021457972005,0.35563645651564,0.008084729325683658,190703.63879188604,2971.705017136547,183.20505252614566,1.0001019509337128,,183.2237304523116,15680.4031139885,0.0,0.0,5,32,20.363636363636363,366.0,2.0,22,uniform_matched,0.20311103313344606,0.03312629461288452,0.0,10,0.0,0.9677432490603464,0.03225675093965363,7,73.78017672694733,0.025267085385734116,0.0007567230401750531,634.02783203125,680.0,0.005498458725993886,0.016139030673695893,183.2237304523116,0.0088718957104966,69.8367801071246,0.004436326314045388,295.14738212679237,0.007911881762465376,306.1465403472919,0.0034204945529250413,633.9979277777073,64,77.0935148652148,0.9710144996643066,0.0004816458514714803,0,0,2.5,0.008584009981855692,0.011534843316988362,bunny,0,3.5874813869595528,0.0052356719970703125,0.028985507786273956
4.333740234375,80,4.485131171582206,22,772.1884020514489,48,5,11,0.0,0.045454545454545456,2722848.0,0,98.41289016934516,3.13210735283792,0.4329563188366592,0.008084729325683658,190731.3924821783,2971.705017136547,78.42795776618999,0.9844532818085248,,77.20866040846612,4248.407098923538,0.0,0.0,6,32,20.363636363636363,351.0,2.0,22,uniform_matched,0.20311103313344606,0.033898305147886276,0.0,22,0.0,0.9677432490603464,0.03225675093965363,8,73.78017672694733,0.7112159337018714,0.0069478176592224945,640.93310546875,680.0,0.005498458725993886,0.016139030673695893,77.20866040846612,0.0088718957104966,69.8367801071246,0.004436326314045388,295.14738212679237,0.007911881762465376,306.1465403472919,0.0034204945529250413,633.9979277777073,96,77.0935148652148,0.9703390002250671,0.17516627009404817,0,0,2.5,0.008584009981855692,0.011534843316988362,bunny,0,4.219345604069531,0.0052356719970703125,0.029661016538739204
4.9971923828125,112,5.169778201668053,32,772.1884020514489,80,6,11,0.0625,0.28125,2722848.0,0,98.41289016934516,3.55306932865642,0.5145587818697095,0.008084729325683658,190810.0484251245,2971.705017136547,130.8521364040317,0.6654110898823394,,87.07046269803928,9179.75524996965,0.0,0.0,7,32,20.363636363636363,333.0,2.0,22,uniform_matched,0.20311103313344606,0.035087719559669495,0.0,32,0.0,0.9677432490603464,0.03225675093965363,9,73.78017672694733,0.7778598190508329,0.006369419493073875,646.28857421875,680.0,0.005498458725993886,0.016139030673695893,87.07046269803928,0.0088718957104966,69.8367801071246,0.004436326314045388,295.14738212679237,0.007911881762465376,306.1465403472919,0.0034204945529250413,633.9979277777073,128,77.0935148652148,0.969298243522644,0.6093148974022999,0,0,2.5,0.008584009981855692,0.011534843316988362,bunny,0,4.9151038019917905,0.0052356719970703125,0.030701754614710808
5.4771728515625,144,5.610503459891637,32,772.188402051449,112,7,11,0.09375,0.3125,2722848.0,0,98.41289016934516,3.975084931589663,0.5903663667850196,0.008084729325683658,190811.35379384964,2971.705017136547,26.694851701491274,0.9995881644843061,,26.683857813474418,1749.135518561483,0.0,0.0,8,32,20.363636363636363,321.0,1.0,22,uniform_matched,0.20311103313344606,0.036363635212183,0.0,32,0.0,0.9677432490603464,0.03225675093965363,10,73.78017672694733,0.387305627003796,0.0019396993250182975,648.505859375,680.0,0.005498458725993886,0.016139030673695893,26.683857813474418,0.0088718957104966,69.8367801071246,0.004436326314045388,295.14738212679237,0.007911881762465376,306.1465403472919,0.0034204945529250413,633.9979277777073,160,77.0935148652148,0.9681817889213562,0.022779956951422282,0,0,2.5,0.008584009981855692,0.011534843316988362,bunny,0,5.611383598996326,0.0052356719970703125,0.03181818127632141
5.7984619140625,176,5.93886848353254,32,772.1884020514493,144,8,11,0.15625,0.375,2722848.0,0,98.41289016934516,4.408778677461669,0.6681756195612252,0.008084729325683658,190811.97914267707,2971.705017136547,16.643963923633127,1.0010321879624051,,16.661143622841806,1238.00726620248,0.0,0.0,9,32,20.363636363636363,308.0,1.0,22,uniform_matched,0.20311103313344606,0.03773584961891174,0.0,32,0.0,0.9677432490603464,0.03225675093965363,11,73.78017672694733,0.3828415019771814,0.0009618241937679862,648.505859375,700.0,0.005498458725993886,0.016139030673695893,16.661143622841806,0.0088718957104966,69.8367801071246,0.004436326314045388,295.14738212679237,0.007911881762465376,306.1465403472919,0.0034204945529250413,633.9979277777073,192,77.0935148652148,0.9669811725616455,0.040452254005600194,0,0,2.5,0.008584009981855692,0.011534843316988362,bunny,0,6.308111170073971,0.0052356719970703125,0.033018868416547775
6.1131591796875,208,6.244262261815377,32,772.188402051449,176,9,11,0.09375,0.21875,2722848.0,0,98.41289016934516,4.832313740393147,0.7446456786710769,0.008084729325683658,191043.02905634866,2971.705017136547,150.08698529357855,1.0000046756225196,,150.0876870436669,9954.797741834893,0.0,0.0,10,32,20.363636363636363,292.0,1.0,22,uniform_matched,0.20311103313344606,0.03921568766236305,0.0,32,0.0,0.9677432490603464,0.03225675093965363,12,73.78017672694733,0.033347038194289316,0.0003435510320323855,651.2421875,700.0,0.005498458725993886,0.016139030673695893,150.0876870436669,0.0088718957104966,69.8367801071246,0.004436326314045388,295.14738212679237,0.007911881762465376,306.1465403472919,0.0034204945529250413,633.9979277777073,224,77.0935148652148,0.9656863212585449,0.000560431491358824,0,0,2.5,0.008584009981855692,0.011534843316988362,bunny,0,6.98297434207052,0.0052356719970703125,0.03431372717022896
6.5870361328125,256,6.696462996408206,16,772.188402051449,224,11,11,0.125,0.3125,2722848.0,0,98.41289016934516,5.691619353368878,0.9014594960026443,0.008084729325683658,191050.4070034511,2971.705017136547,55.81316104492832,0.999999471439275,,55.81313154428346,2051.848601010138,0.0,0.0,12,32,20.363636363636363,278.0,1.0,22,uniform_matched,0.20311103313344606,0.0416666679084301,0.0,16,0.0,0.9677432490603464,0.03225675093965363,14,73.78017672694733,0.0014729885506011883,2.0587285936250186e-05,656.5771484375,700.0,0.005498458725993886,0.016139030673695893,55.81313154428346,0.0088718957104966,69.8367801071246,0.004436326314045388,295.14738212679237,0.007911881762465376,306.1465403472919,0.0034204945529250413,633.9979277777073,256,77.0935148652148,0.9635416865348816,0.00017693368576583235,0,0,2.5,0.008584009981855692,0.011534843316988362,bunny,0,8.304094007005915,0.0052356719970703125,0.0364583358168602
,0,,,,,,0,,,,,0.0,0.0,0.0,,,10439312.014226528,,,,,,,,,0,0.0,,,0.0,base,,,,,,0.9255165676739103,0.07448343232608967,,0.0,,,0.0,,0.01295600141668585,0.03905542439471674,,0.026897937700027463,0.0,0.009709644675543392,0.0,0.016302520673598407,0.0,0.0076326271222550285,0.0,,,,,0,,4.0,0.01761391472652296,0.020220827746515638,,,0.0,0.014545440673828125,
2.789794921875,32,,,,0,,0,,,,0,0.0,0.4051314149983227,0.0,0.03285246915962907,,10439312.014226528,,,,,,,,1,0,0.0,,,0.0,fixed_space,0.10780248651617266,,,,,0.9255165676739103,0.07448343232608967,1,0.0,,,535.65771484375,564.0,0.01295600141668585,0.03905542439471674,,0.026897937700027463,0.0,0.009709644675543392,0.0,0.016302520673598407,0.0,0.0076326271222550285,0.0,,4569.31329944151,,,0,0,4.0,0.01761391472652296,0.020220827746515638,bunny,0,0.4845882949884981,0.014545440673828125,
6.8724365234375,256,,,,0,,0,,,,0,122.6120834975004,0.8006864639464766,0.0,0.03070117637607274,,7454797.401598069,,,,,,,,1,0,0.0,,,0.0,fixed_space,0.1282944378263547,,,,,0.9259875781436977,0.0740124218563023,2,527.0924564148584,,,622.21533203125,660.0,0.012581088882785535,0.03763661027173743,,0.02477268931224784,181.09613901994624,0.009675515206787683,110.3331028248484,0.016106878598050826,106.41462627265575,0.0076240874110439635,107.56276820708781,,3861.294446580853,,,0,0,4.0,0.016984475786060146,0.019618342070715656,bunny,0,0.878741494147107,0.014545440673828125,
9.7030029296875,1024,,,,0,,0,,,,0,100.0,0.8451044701505452,0.0,0.03077331688948871,,7495394.580079171,,,,,,,,1,0,0.0,,,0.0,fixed_space,0.1281297939919661,,,,,0.9262696404312325,0.0737303595687675,2,100.0,,,661.79150390625,716.0,0.012726717386041277,0.03878624692770655,,0.025724390655192043,100.0,0.00967871155766499,100.0,0.016118671815222203,100.0,0.007624687840518969,100.0,,3871.7940492952803,,,0,0,4.0,0.017250249202956387,0.01972945229752715,bunny,0,0.9231158678885549,0.014545440673828125,
2.789794921875,32,2.983930533033426,0,17260182.447713476,0,0,12,,,2919149.0,0,0.0,0.4458130318671465,0.051595966797322035,0.03285246915962907,377752787.59810203,10439312.014226528,,,,,,,0.0,1,32,18.666666666666668,412.0,2.0,21.5,dynamic,0.10780248651617266,0.03729838505387306,0.0,0,0.0,0.9255165676739103,0.07448343232608967,1,0.0,0.0,0.0,557.06591796875,604.0,0.01295600141668585,0.03905542439471674,,0.026897937700027463,0.0,0.009709644675543392,0.0,0.016302520673598407,0.0,0.0076326271222550285,0.0,32,4569.31329944151,0.971774160861969,0.0,0,0,4.0,0.01761391472652296,0.020220827746515638,bunny,0,0.5768146670889109,0.014545440673828125,0.02822580561041832
3.14892578125,53,3.3131662917821836,7,544.038484727748,21,5,12,0.42857142857142855,0.42857142857142855,2900959.0,0,170.03193643140636,2.497271936852485,0.4488978108856827,0.030453312527336306,591935277.2743758,7460236.063796673,7985.716324842715,1.0020965168966407,,8002.4585140495265,201721.82696132988,0.0,0.0,5,32,18.666666666666668,404.0,2.0,21.5,dynamic,0.12850207113677253,0.02883625216782093,0.0,32,0.0,0.9268665594610692,0.07313344053893078,6,713.7236138430561,0.008302655486941165,0.0006874707123747829,637.32421875,664.0,0.012349837402731687,0.03713424124952041,8002.4585140495265,0.02393597029940066,252.39443221828327,0.009561981995728363,477.3611260122277,0.015783196214049156,282.4735840820804,0.00760158630302264,390.97767612156593,64,3862.70269728248,0.971163809299469,1.1015230816594056e-05,0,0,4.0,0.016676154439672457,0.019385332555451995,bunny,0,3.5638254780787975,0.014545440673828125,0.02883625216782093
3.437255859375,81,3.62873881885233,28,305.97998857219454,49,6,12,0.2857142857142857,0.42857142857142855,2900959.0,0,170.03193643140636,2.9065789829473943,0.5286346066277474,0.030453312527336306,591935277.8247247,7460236.063796673,5601.453563965528,1.0046363878112572,,5627.42407499482,82187.06662299341,0.0,0.0,6,32,18.666666666666668,396.0,2.0,21.5,dynamic,0.12850207113677253,0.029692472890019417,0.0,32,0.0,0.9268665594610692,0.07313344053893078,7,713.7236138430561,0.09013331493787272,0.0009010149273979241,637.88671875,684.0,0.012349837402731687,0.03713424124952041,5627.42407499482,0.02393597029940066,252.39443221828327,0.009561981995728363,477.3611260122277,0.015783196214049156,282.4735840820804,0.00760158630302264,390.97767612156593,96,3862.70269728248,0.9703075885772705,0.0066411299248181595,0,0,4.0,0.016676154439672457,0.019385332555451995,bunny,0,4.372816218994558,0.014545440673828125,0.029692472890019417
3.7998046875,113,4.014893995335167,32,150.31177634912004,81,7,12,0.3125,0.59375,2900959.0,0,170.03193643140636,3.3537498619407415,0.6107180896215141,0.030453312527336306,591935278.0892435,7460236.063796673,3189.9119685015294,0.9757569765935481,,3112.5788579846258,61857.43900835478,0.0,0.0,7,32,18.666666666666668,384.0,2.0,21.5,dynamic,0.12850207113677253,0.030735455453395844,0.0,32,0.0,0.9268665594610692,0.07313344053893078,8,713.7236138430561,0.08296746331761863,0.0011010223539586262,642.0205078125,684.0,0.012349837402731687,0.03713424124952041,3112.5788579846258,0.02393597029940066,252.39443221828327,0.009561981995728363,477.3611260122277,0.015783196214049156,282.4735840820804,0.00760158630302264,390.97767612156593,128,3862.70269728248,0.969264566898346,0.03017855702366165,0,0,4.0,0.016676154439672457,0.019385332555451995,bunny,0,5.279461797093973,0.014545440673828125,0.030735455453395844
4.10009765625,145,4.322392603099988,32,74.7015907293457,113,8,12,0.375,0.46875,2900959.0,0,170.03193643140636,3.7557391449809074,0.6896670756395906,0.030453312527336306,591935278.1818435,7460236.063796673,1575.2894209260246,0.9864847405476623,,1553.9989756896866,39386.98209840768,0.0,0.0,8,32,18.666666666666668,366.0,2.0,21.5,dynamic,0.12850207113677253,0.031854379922151566,0.0,32,0.0,0.9268665594610692,0.07313344053893078,9,713.7236138430561,0.09651692373110955,0.0005774550098888268,642.0205078125,684.0,0.012349837402731687,0.03713424124952041,1553.9989756896866,0.02393597029940066,252.39443221828327,0.009561981995728363,477.3611260122277,0.015783196214049156,282.4735840820804,0.00760158630302264,390.97767612156593,160,3862.70269728248,0.9681456089019775,0.028612953783680988,0,0,4.0,0.016676154439672457,0.019385332555451995,bunny,0,6.094098681118339,0.014545440673828125,0.031854379922151566
4.5902099609375,177,4.88567230890204,32,49.45228964440316,145,9,12,0.375,0.5625,2900959.0,0,170.03193643140636,4.159137457842007,0.7675856708083302,0.030453312527336306,591935278.2249987,7460236.063796673,784.6348447132316,0.985424117838854,,773.1980996771624,26649.066314100717,0.0,0.0,9,32,18.666666666666668,356.0,1.0,21.5,dynamic,0.12850207113677253,0.03305784985423088,0.0,32,0.0,0.9268665594610692,0.07313344053893078,10,713.7236138430561,0.09374122924812811,0.000896546795023675,645.96337890625,684.0,0.012349837402731687,0.03713424124952041,773.1980996771624,0.02393597029940066,252.39443221828327,0.009561981995728363,477.3611260122277,0.015783196214049156,282.4735840820804,0.00760158630302264,390.97767612156593,192,3862.70269728248,0.9669421315193176,0.049691926084899155,0,0,4.0,0.016676154439672457,0.019385332555451995,bunny,0,6.909168366109952,0.014545440673828125,0.03305784985423088
4.91259765625,209,5.214714868661185,32,33.723738560461804,177,10,12,0.34375,0.5,2900959.0,0,170.03193643140636,4.616024611750618,0.8478147629648447,0.030453312527336306,591935278.2391454,7460236.063796673,458.3230667244736,0.9974699865268372,,457.1635031905994,16669.828489356078,0.0,0.0,10,32,18.666666666666668,345.0,1.0,21.5,dynamic,0.12850207113677253,0.034355826675891876,0.0,32,0.0,0.9268665594610692,0.07313344053893078,11,713.7236138430561,0.048509294758819946,0.00034993388421663196,648.72509765625,684.0,0.012349837402731687,0.03713424124952041,457.1635031905994,0.02393597029940066,252.39443221828327,0.009561981995728363,477.3611260122277,0.015783196214049156,282.4735840820804,0.00760158630302264,390.97767612156593,224,3862.70269728248,0.9656441807746887,0.0045069898559735935,0,0,4.0,0.016676154439672457,0.019385332555451995,bunny,0,7.8084992920048535,0.014545440673828125,0.034355826675891876
5.289794921875,256,5.598017101728628,15,7.094168072700454,224,12,12,0.2,0.7333333333333333,2900959.0,0,170.03193643140636,5.48305164789781,1.0082670028787106,0.030453312527336303,591935278.2447776,7460236.063796673,109.65837327851185,1.0003419499101658,,109.69587094940336,3312.805160173585,0.0,0.0,12,32,18.666666666666668,334.0,1.0,21.5,dynamic,0.12850207113677253,0.0364583358168602,0.0,15,0.0,0.9268665594610692,0.07313344053893078,13,713.7236138430561,0.0040621931123311595,4.948898129342868e-05,651.77099609375,684.0,0.012349837402731687,0.03713424124952041,109.69587094940336,0.02393597029940066,252.39443221828327,0.009561981995728363,477.3611260122277,0.015783196214049156,282.4735840820804,0.00760158630302264,390.97767612156593,256,3862.70269728248,0.9635416865348816,0.0011124149261908045,0,0,4.0,0.016676154439672457,0.019385332555451995,bunny,0,9.362309750169516,0.014545440673828125,0.0364583358168602
2.789794921875,32,2.983930533033426,0,17260182.44771348,0,0,12,,,2919149.0,0,0.0,0.43868647888302803,0.05109974090009928,0.03285246915962907,377752787.59810203,10439312.014226528,,,,,,,0.0,1,32,18.666666666666668,412.0,2.0,21.5,uniform_matched,0.10780248651617266,0.03729838505387306,0.0,0,0.0,0.9255165676739103,0.07448343232608967,1,0.0,0.0,0.0,557.06591796875,604.0,0.01295600141668585,0.03905542439471674,,0.026897937700027463,0.0,0.009709644675543392,0.0,0.016302520673598407,0.0,0.0076326271222550285,0.0,32,4569.31329944151,0.971774160861969,0.0,0,0,4.0,0.01761391472652296,0.020220827746515638,bunny,0,0.5674141831696033,0.014545440673828125,0.02822580561041832
3.677978515625,53,3.8460357427992387,7,17260182.44771348,21,5,12,0.0,0.14285714285714285,2919149.0,0,0.0,2.465247829677537,0.4483298060949892,0.03285246915962907,377752787.72397995,10439312.014226528,41.23221901429066,0.9932498605191409,,40.95389578483887,3474.3767177587656,0.0,0.0,6,32,18.666666666666668,404.0,2.0,21.5,uniform_matched,0.10780248651617266,0.03810504823923111,0.0,7,0.0,0.9255165676739103,0.07448343232608967,6,0.0,0.07314028175330615,0.004580791728432913,640.51171875,684.0,0.01295600141668585,0.03905542439471674,40.95389578483887,0.026897937700027463,0.0,0.009709644675543392,0.0,0.016302520673598407,0.0,0.0076326271222550285,0.0,64,4569.31329944151,0.971163809299469,0.03423188613561899,0,0,4.0,0.01761391472652296,0.020220827746515638,bunny,0,3.5133568851742893,0.014545440673828125,0.02883625216782093
4.5235595703125,81,4.653417200179423,28,12213728.92318647,49,6,12,0.10714285714285714,0.3214285714285714,2896224.0,0,241.8642697733651,2.8681632226798683,0.5289560831151903,0.029948941563104306,395321561.53482014,7513662.179774463,1986169.6521100078,1.0000816492023252,,1986331.821277785,116573023.1188017,2925649.8344520647,0.28025312687895865,6,32,18.666666666666668,386.0,2.0,21.5,uniform_matched,0.1287191677049621,0.0381760373711586,0.0,28,0.0,0.9273532157830736,0.07264678421692639,7,1288.4830193017322,0.5133415584446795,0.006143942195730882,649.8798828125,684.0,0.01199176485641536,0.03558711844050392,1986331.821277785,0.02227310443819624,394.0901459540391,0.00916521479202823,1760.022658095173,0.015690725256342585,332.7708546353469,0.007517642820344343,1448.2960264332419,96,3876.5093008464364,0.9703075885772705,3.1950465150629356e-05,0,0,4.0,0.01619839077698106,0.01903236610497404,bunny,0,4.163899470120668,0.014545440673828125,0.029692472890019417
5.184814453125,113,5.373236434501939,32,12213728.923186475,81,7,12,0.09375,0.1875,2896224.0,0,241.8642697733651,3.280644377693534,0.6090331540908664,0.029948941563104306,183651024.35723755,7513662.179774463,823.1960514656881,0.8748301684434547,,720.1567403657148,20285.346072510787,0.0,0.0,7,32,18.666666666666668,368.0,1.0,21.5,uniform_matched,0.1287191677049621,0.03951701521873474,0.0,32,0.0,0.9273532157830736,0.07264678421692639,8,1288.4830193017322,0.4674776715710192,0.004991339254224795,653.25,704.0,0.01199176485641536,0.03558711844050392,720.1567403657148,0.02227310443819624,394.0901459540391,0.00916521479202823,1760.022658095173,0.015690725256342585,332.7708546353469,0.007517642820344343,1448.2960264332419,128,3876.5093008464364,0.969264566898346,0.049362981311870065,0,0,4.0,0.01619839077698106,0.01903236610497404,bunny,0,4.832153911003843,0.014545440673828125,0.030735455453395844
5.6881103515625,145,5.89075536428412,32,12213728.923186475,113,8,12,0.03125,0.1875,2896224.0,0,241.8642697733651,3.6917759117204696,0.688974941149354,0.029948941563104306,183651549.42650405,7513662.179774463,58680.39234968016,1.0000769980368922,,58684.91062469515,456070.0729695937,0.0,0.0,8,32,18.666666666666668,352.0,1.0,21.5,uniform_matched,0.1287191677049621,0.04095562919974327,0.0,32,0.0,0.9273532157830736,0.07264678421692639,9,1288.4830193017322,0.6872193976730319,0.002397842902404551,654.62646484375,704.0,0.01199176485641536,0.03558711844050392,58684.91062469515,0.02227310443819624,394.0901459540391,0.00916521479202823,1760.022658095173,0.015690725256342585,332.7708546353469,0.007517642820344343,1448.2960264332419,160,3876.5093008464364,0.9681456089019775,0.001274504417044145,0,0,4.0,0.01619839077698106,0.01903236610497404,bunny,0,5.500065755099058,0.014545440673828125,0.031854379922151566
6.0164794921875,177,6.258286479793777,32,12213728.92318648,145,9,12,0.09375,0.375,2896224.0,0,241.8642697733651,4.105043579591438,0.7680546739138663,0.029948941563104306,183651549.45630476,7513662.179774463,403.7571011288255,1.0253258731644959,,413.98260226127866,9118.52466763281,0.0,0.0,9,32,18.666666666666668,339.0,1.0,21.5,uniform_matched,0.1287191677049621,0.04250295087695122,0.0,32,0.0,0.9273532157830736,0.07264678421692639,10,1288.4830193017322,0.29876628414696593,0.0013233102021976385,659.17333984375,704.0,0.01199176485641536,0.03558711844050392,413.98260226127866,0.02227310443819624,394.0901459540391,0.00916521479202823,1760.022658095173,0.015690725256342585,332.7708546353469,0.007517642820344343,1448.2960264332419,192,3876.5093008464364,0.9669421315193176,0.07498368175423457,0,0,4.0,0.01619839077698106,0.01903236610497404,bunny,0,6.167561857029796,0.014545440673828125,0.03305784985423088
6.342041015625,209,6.615249558528021,32,12213728.923186475,177,10,12,0.0625,0.09375,2896224.0,0,241.8642697733651,4.525819357484579,0.8484385039191693,0.029948941563104306,183651718.17705905,7513662.179774463,9046.542318173333,1.0018674787080433,,9063.436543333934,255581.7104697435,0.0,0.0,10,32,18.666666666666668,317.0,1.0,21.5,uniform_matched,0.1287191677049621,0.0441717803478241,0.0,32,0.0,0.9273532157830736,0.07264678421692639,11,1288.4830193017322,0.5260355629920818,0.0040981337212361,659.17333984375,704.0,0.01199176485641536,0.03558711844050392,9063.436543333934,0.02227310443819624,394.0901459540391,0.00916521479202823,1760.022658095173,0.015690725256342585,332.7708546353469,0.007517642820344343,1448.2960264332419,224,3876.5093008464364,0.9656441807746887,0.0004294955003662731,0,0,4.0,0.01619839077698106,0.01903236610497404,bunny,0,6.8440027420874685,0.014545440673828125,0.034355826675891876
6.8724365234375,256,7.127935534942253,15,1358951.9763247292,224,12,12,0.26666666666666666,0.4,2896224.0,0,241.8642697733651,5.367316369665787,1.0071529308333993,0.029948941563104306,625429903.6155765,7513662.179774463,12214332.1881632,0.9999988048921725,,12214317.590719195,597881186.5736257,0.0,0.0,12,32,18.666666666666668,284.0,1.0,21.5,uniform_matched,0.1287191677049621,0.0403645858168602,0.0,15,0.0,0.9273532157830736,0.07264678421692639,13,1288.4830193017322,0.0969733455395107,0.0009941557819334126,664.15087890625,724.0,0.01199176485641536,0.03558711844050392,12214317.590719195,0.02227310443819624,394.0901459540391,0.00916521479202823,1760.022658095173,0.015690725256342585,332.7708546353469,0.007517642820344343,1448.2960264332419,256,3876.5093008464364,0.9635416865348816,5.716712784488729e-07,0,0,4.0,0.01619839077698106,0.01903236610497404,bunny,0,8.151130971033126,0.014545440673828125,0.0364583358168602
