active_bases_per_query,active_k,active_parameters_per_affected_pixel,actual_batch_size,best_remaining_candidate_score,birth_count,birth_round,birth_top10_fraction,birth_top25_fraction,candidate_jacobian_nnz,cg_failures,cumulative_optimization_seconds,cumulative_scoring_seconds,geometry_rms_error,gradient_norm,image_loss,independent_sum_gain,joint_to_independent_ratio,last_new_only_gain,last_predicted_quadratic,last_predicted_raw,last_realized_birth_gain,last_step_relative_improvement,line_search_failures,median_affected_pixels,median_affected_views,method,minimum_denominator_magnitude,near_null_candidate_fraction,no_birth_continuation_gain,nominal_batch_size,nonfinite_candidate_score_count,normal_consistency,normal_error,optimizer_steps,pairwise_correlation_max,pairwise_correlation_mean,peak_allocated_mib,peak_reserved_mib,phase,point_to_surface_mean,point_to_surface_p95,predicted_batch_gain,regional_ear_p2s_mean,regional_head_p2s_mean,regional_leg_p2s_mean,regional_torso_p2s_mean,requested_k,residual_norm,responsive_candidate_fraction,rho_off,root_failures,selection_seed,surface_rms,symmetric_chamfer,target_regime,target_seed,total_runtime_seconds,zero_jacobian_candidate_fraction
2.6119384765625,32,2.824718008771833,0,1.0468495992092166,0,0,,,2726522.0,0,1.7525951580610126,0.0777103730943054,0.0028336085124495564,0.3252564837687281,36.57236256266609,,,,,,,3.5764155890484945e-08,0,388.0,2.0,p1,0.38623930760295955,0.021169353276491165,0.0,0,0.0,0.9850810164076027,0.014918983592397295,5,0.0,0.0,282.7607421875,354.0,A,0.002578329746078151,0.0067544522584080495,,0.0030965767441591225,0.0016931255169091214,0.004448312903433087,0.0016408229034003833,32,8.552468949100733,0.9808467626571655,0.0,0,0,0.0058290160577305255,0.009293792131943443,bunny,0,1.903854032047093,0.019153226166963577
2.9947509765625,64,3.1216068142818747,1,0.09387069902317087,32,32,1.0,1.0,2720642.0,0,15.220128568122163,1.6145916285458952,0.0025771647331477615,16.802511891170983,32.38824915553993,0.09997718415819117,1.0,,0.09997718415819117,16.57193913198357,0.05035215503741597,0.0015522295352789304,0,382.0,2.0,p1,0.46535679460452906,0.02187500149011612,0.0,1,0.0,0.985449582751831,0.014550417248168968,37,0.0,0.0,297.3623046875,354.0,A,0.0024344024475267422,0.005964122566568534,0.09997718415819117,0.002347220815163212,0.0016776344435588488,0.004443416068880003,0.001579723004953968,64,8.048384826229412,0.9791667461395264,0.0,0,0,0.005713921387136643,0.00920215865259462,bunny,0,20.16481805499643,0.02083333395421505
3.255859375,96,3.4244159202142397,1,0.05398365333619999,64,64,0.0,0.0,2719053.0,0,28.453894874546677,3.1535830749198794,0.002517305357677901,5.407114986401653,31.2256186608594,0.054462949281820314,1.0,,0.054462949281820314,4.457565794001329,0.026652944217403274,0.0008528322214204412,0,370.0,2.0,p1,0.47172244730757973,0.022629309445619583,0.0,1,0.0,0.9855234069551139,0.014476593044886132,69,0.0,0.0,298.3076171875,354.0,A,0.0023787240971983427,0.00587456564830131,0.054462949281820314,0.0022212270520428116,0.0016779334177007056,0.004380741697689378,0.001535874725060096,96,7.9026095260817995,0.9784482717514038,0.0,0,0,0.005680781433246508,0.009172225535585348,bunny,0,38.158595816930756,0.021551724523305893
3.509033203125,128,3.746305696559504,1,0.031901506356203084,96,96,1.0,1.0,2718452.0,0,41.76065616495907,4.695203471463174,0.0024759711102599544,6.978734732778042,30.465486745137305,0.03227916781502786,1.0,,0.03227916781502786,5.337260181972071,0.016086810773007443,0.0005277552598620581,0,362.0,2.0,p1,0.47473329840156603,0.02343750186264515,0.0,1,0.0,0.9855204572800307,0.014479542719969318,101,0.0,0.0,300.93359375,354.0,A,0.002330455797952341,0.005741835635754828,0.03227916781502786,0.0020210418107524425,0.0016425047965480345,0.004370303712826043,0.0015115893506482266,128,7.805829455623189,0.9776785969734192,0.0,0,0,0.005660637981586785,0.009144998476514543,bunny,0,56.19942242815159,0.0223214291036129
3.7110595703125,160,3.968019352391886,1,0.021461294494078527,128,128,0.0,1.0,2718051.0,0,55.19393399916589,6.238941395655274,0.002503591659287664,4.079979174057166,29.997553977003797,0.02164076755021094,1.0,,0.02164076755021094,2.0358153969177577,0.0135981992228551,0.0004531048705830918,0,351.0,2.0,p1,0.4750415010588158,0.0243055559694767,0.0,1,0.0,0.9854830953515816,0.014516904648418372,133,0.0,0.0,302.33740234375,354.0,A,0.0023188619075543517,0.005765170083759003,0.02164076755021094,0.0020519760154740353,0.0016261709753116887,0.004331664901132281,0.0015023084039626948,160,7.7456509057669,0.9768518805503845,0.0,0,0,0.005670487075331687,0.009140352174819495,bunny,0,74.3897432370577,0.023148149251937866
3.97412109375,192,4.327545075714915,1,0.014936971573673347,160,160,0.0,1.0,2717834.0,0,68.73755347146653,7.794102448038757,0.002486411607831315,8.390229377326254,29.67292516681756,0.015014871811132537,1.0,,0.015014871811132537,5.451019295048078,0.00885549403404795,0.000298347802487342,0,346.0,2.0,p1,0.4747000873507816,0.02524038590490818,0.0,1,0.0,0.9854992364549808,0.014500763545019169,165,0.0,0.0,305.00732421875,354.0,A,0.002289228197749558,0.005686267925111312,0.015014871811132537,0.0019637563793687713,0.0016348853141592058,0.004291548625687384,0.0014870421324819794,192,7.703625791381297,0.9759615659713745,0.0,0,0,0.005660073999374333,0.009124017226156071,bunny,0,92.7257569511421,0.024038461968302727
4.3109130859375,224,4.6646588388514685,1,0.011190834110483522,192,192,0.0,0.0,2718021.0,0,82.44011283759028,9.354356807889417,0.0025012147411666366,8.403791953729643,29.437289602447716,0.011261857668298191,1.0,,0.011261857668298191,3.748234798759704,0.0069918572596030515,0.00023746061757913412,0,336.0,1.0,p1,0.4763130058797312,0.026249999180436134,0.0,1,0.0,0.9854852845928487,0.014514715407151324,197,0.0,0.0,307.3544921875,354.0,A,0.002280799501720496,0.005713267408914305,0.011261857668298191,0.001929035943412624,0.0016494430211461953,0.004302155199784622,0.0014710244718824964,224,7.672977206071671,0.9749999642372131,0.0,0,0,0.00566478251286356,0.009121163812105218,bunny,0,111.23553737509064,0.02499999850988388
4.545166015625,256,4.896459816887081,1,0.008874187707364117,224,224,0.0,0.0,2717750.0,0,96.0887703425251,10.911617361940444,0.0025288821619452433,5.536083257803547,29.240220758930327,0.009012907879446407,1.0,,0.009012907879446407,2.5161997410113264,0.006808868896335696,0.00023280548428291004,0,331.0,1.0,p1,0.4766364042529212,0.02734375,0.0,1,0.0,0.9854857345221204,0.014514265477879595,229,0.0,0.0,309.99072265625,354.0,A,0.002279350600633705,0.005724288078109654,0.009012907879446407,0.0019195574856235456,0.0016187173946286065,0.004330315319519494,0.0014635302009458233,256,7.647250585528152,0.9739583730697632,0.0,0,0,0.005674058311404979,0.009121858246656386,bunny,0,129.70086297695525,0.0260416679084301
2.6119384765625,32,2.824718008771833,0,1.046849599209164,0,0,,,2726522.0,0,1.7303601750172675,0.04910166701301932,0.0028336085124495754,0.3252564837379824,36.57236256266613,,,,,,,3.5764159387597886e-08,0,388.0,2.0,p4,0.38623930760295944,0.021169353276491165,0.0,0,0.0,0.9850810164076027,0.014918983592397295,5,0.0,0.0,282.7607421875,354.0,A,0.002578329746078151,0.0067544522584080495,,0.0030965767441591225,0.0016931255169091214,0.004448312903433087,0.0016408229034003833,32,8.552468949100737,0.9808467626571655,0.0,0,0,0.0058290160577305255,0.009293792131943443,bunny,0,1.858910100068897,0.019153226166963577
2.94482421875,64,3.0627349843084857,4,0.09965864612028277,32,8,0.75,1.0,2721181.0,0,5.011223762994632,0.6644152889493853,0.002520953094768981,45.517454751927986,32.509900037739584,0.4306765162087117,1.0000000000000004,,0.43067651620871195,72.01753732112797,0.2529878036515285,0.007721779742868776,0,382.0,2.0,p4,0.46956953299138915,0.02187500149011612,0.0,4,0.0,0.9854478840620509,0.01455211593794914,13,0.0,0.0,363.703125,414.0,A,0.002427044937421321,0.00595733535159011,0.43067651620871195,0.0023764767347633133,0.0016707834027793482,0.004403353425308014,0.001578236915344817,64,8.06348560335288,0.9791667461395264,0.0,0,0,0.0056947826731187584,0.009194193493091096,bunny,0,6.629753828048706,0.02083333395421505
3.2008056640625,96,3.389001138449862,4,0.05434132805662816,64,16,0.0,0.5,2719574.0,0,8.282043991144747,1.2758394705597311,0.0024595046452816566,37.10896221154712,31.31708614439308,0.2411249928737231,1.002620844482417,,0.24175694398086903,56.27556213354811,0.11884801356855945,0.0037806420185054167,0,368.0,2.0,p4,0.4759851009630488,0.022629309445619583,0.0,4,0.0,0.9854582424486334,0.014541757551366552,21,0.005009186896309621,0.0008922852256461093,366.1689453125,414.0,A,0.002362762308374555,0.005735724694942443,0.24175694398086903,0.0022231970622275305,0.001653186315782585,0.004326941039802573,0.001536605847026253,96,7.914175401694491,0.9795258641242981,0.003244211239266192,0,0,0.005658588995675177,0.009158175140554307,bunny,0,11.32808534707874,0.020474137738347054
3.4996337890625,128,3.7429933856329796,4,0.0342152267558955,96,24,0.25,0.25,2718642.0,0,11.625695956870914,1.890931313391775,0.0024473594593296274,24.929439208943528,30.53454256892268,0.14544068308280755,0.9994986089798544,,0.145367760430346,41.05949594185456,0.08321266570209218,0.0027177911987490864,0,360.0,2.0,p4,0.4751535019417308,0.02343750186264515,0.0,4,0.0,0.985531068076684,0.014468931923315997,29,0.0009994481592182289,0.00016659386896404922,368.07861328125,414.0,A,0.0023328768167228983,0.005680434533916247,0.145367760430346,0.002095880556790489,0.0016294286190044797,0.004348409587943817,0.0015082206025303108,128,7.814671147133791,0.9776785969734192,0.00044188436700435613,0,0,0.005648413718584462,0.009144087281851027,bunny,0,16.12566255708225,0.0223214291036129
3.711181640625,160,3.961274715812995,4,0.027040753861620415,128,32,0.0,0.25,2718013.0,0,14.950347071979195,2.5081417525652796,0.002424334628321877,31.154355810088315,30.077312361499974,0.08761461364818812,0.9999981275142213,,0.08761444959107006,40.38406526247756,0.05414487165379356,0.0017969549642021887,0,353.0,2.0,p4,0.4752309984017859,0.0243055559694767,0.0,4,0.0,0.9855167034334187,0.014483296566581316,37,2.9457210484124425e-06,6.230841212124818e-07,369.2578125,414.0,A,0.0023011911862085535,0.00563537712531845,0.08761444959107006,0.0020567293321535843,0.0016237362988350541,0.004270211173607386,0.0014971899880562598,160,7.755941253194221,0.9768518805503845,9.512840119375057e-07,0,0,0.005637725157850993,0.009125804873102238,bunny,0,20.902615515049547,0.023148149251937866
3.9437255859375,192,4.25450111182842,4,0.016610823233065394,160,40,0.25,0.5,2717864.0,0,18.295875352807343,3.1311449902132154,0.0024036863815243134,17.561998593225603,29.71517095655483,0.06532383242352527,0.9999708998156672,,0.06532193148796042,29.03632714527288,0.06490745327068481,0.002179559515506574,0,345.0,2.0,p4,0.476139519180131,0.02524038590490818,0.0,4,0.0,0.9854948126296358,0.014505187370364214,45,6.241260533944781e-05,1.0532405198346403e-05,373.1611328125,414.0,A,0.0022714052317569537,0.005571320387613079,0.06532193148796042,0.0019752517144900643,0.001626773132138638,0.004232662800807792,0.0014795394666860034,192,7.709107724834935,0.9759615659713745,4.221195219124808e-05,0,0,0.005625359973921148,0.009109707356530512,bunny,0,25.72891375492327,0.024038461968302727
4.2574462890625,224,4.604313326551373,4,0.011361813304814092,192,48,0.0,0.0,2718023.0,0,21.630646687932312,3.749954074854031,0.00240161746614693,14.168033315933267,29.466903017159932,0.046517485252284954,0.9943603928106911,,0.046255144908027596,21.01431781989067,0.027911603713842936,0.000946322398448945,0,337.0,2.0,p4,0.47631875084318404,0.026249999180436134,0.0,4,0.0,0.9854812251053382,0.014518774894661801,53,0.01148953263034057,0.0019149221050567616,375.15234375,414.0,A,0.002249655321490913,0.0055735478924033325,0.046255144908027596,0.001921830035738109,0.0016011889108332488,0.004229393124359753,0.0014587593616415323,224,7.6768356784758565,0.9749999642372131,0.00661980985957212,0,0,0.005622088726922086,0.009098255636672357,bunny,0,30.518220491008833,0.02499999850988388
4.5234375,256,4.894099694811801,4,0.00947052159878438,224,56,0.0,0.75,2717779.0,0,25.009895177092403,4.367198957595974,0.0024211919324312503,12.749737386095916,29.279843406122126,0.03567608107567313,1.0000000000562492,,0.03567608107767989,15.175774598097957,0.021322976614435163,0.0007277176729393211,0,331.0,1.0,p4,0.47640996399306634,0.02734375,0.0,4,0.0,0.9854766203554772,0.014523379644522771,61,1.1183509217018363e-10,1.863918202836394e-11,375.9921875,414.0,A,0.002244848669096463,0.005617661699053708,0.03567608107767989,0.0018988794198484785,0.0015520410089775636,0.00426092644064215,0.0014511772224394155,256,7.652430124623436,0.9739583730697632,9.987612096156234e-11,0,0,0.005627796042130465,0.009097826931592676,bunny,0,35.34149888600223,0.0260416679084301
2.6119384765625,32,2.824718008771833,0,1.0468495992091489,0,0,,,2726522.0,0,1.7527119051665068,0.049180736066773534,0.0028336085124495403,0.32525648379010486,36.572362562666015,,,,,,,3.576415822189367e-08,0,388.0,2.0,p8,0.38623930760295966,0.021169353276491165,0.0,0,0.0,0.9850810164076027,0.014918983592397295,5,0.0,0.0,282.7607421875,354.0,A,0.002578329746078151,0.0067544522584080495,,0.0030965767441591225,0.0016931255169091214,0.004448312903433087,0.0016408229034003833,32,8.552468949100723,0.9808467626571655,0.0,0,0,0.0058290160577305255,0.009293792131943443,bunny,0,1.882929643848911,0.019153226166963577
2.948974609375,64,3.0553406940719023,8,0.09623599082706802,32,4,0.625,0.75,2721189.0,0,3.3833236773498356,0.3575635519810021,0.0025206485033576697,54.71714557676797,32.575036040328406,0.9364297215455064,0.9999480132868364,,0.9363810396421746,134.65828389937917,0.5040109006427471,0.015236560519477593,0,380.0,2.0,p8,0.47249036743564926,0.02187500149011612,0.0,8,0.0,0.9854687168633038,0.01453128313669616,9,0.00021778826386504137,7.778252448831207e-06,360.60693359375,394.0,A,0.0024310846372251676,0.005955824067819647,0.9363810396421746,0.002410471138847234,0.0016795752826689128,0.004393060904351825,0.001579410655286404,64,8.071559457791091,0.9791667461395264,9.279703873740362e-05,0,0,0.005696121993386601,0.009196364002023762,bunny,0,4.274719232926145,0.02083333395421505
3.2401123046875,96,3.4091137526794597,8,0.05494067055384748,64,8,0.25,0.5,2719724.0,0,5.03290319442749,0.6674164617434144,0.002432576541207725,38.31847314120735,31.403650101819544,0.4839379728464668,0.9999999995896799,,0.4839379726478973,83.17627808187754,0.24549754313095917,0.007756845330719313,0,367.0,2.0,p8,0.47823737684896694,0.022629309445619583,0.0,8,0.0,0.9854519021491708,0.014548097850829222,13,1.6558638255853365e-09,5.988972838367032e-11,365.86083984375,414.0,A,0.002359781378374621,0.005712442761202422,0.4839379726478973,0.002253909694893093,0.0016474890575289135,0.004288706397472372,0.0015425508370348093,96,7.9251056903765695,0.9795258641242981,2.799784752205001e-10,0,0,0.00564845410892339,0.009154532728030264,bunny,0,6.689411055995151,0.020474137738347054
3.533203125,128,3.7559349843613803,8,0.032165669126789115,96,12,0.375,0.5,2718363.0,0,6.735213618259877,0.9803140999283642,0.0023969428157524075,31.37201980777464,30.612821591959552,0.28103056370961244,0.9995593686834894,,0.28090673284234535,68.00849589635095,0.15569543825800025,0.005060219122848388,0,358.0,2.0,p8,0.4771460889882164,0.02343750186264515,0.0,8,0.0,0.9855158092034105,0.014484190796589469,17,0.0017064391847907217,6.094840194857145e-05,366.26318359375,414.0,A,0.002320835413397803,0.005613678211719379,0.28090673284234535,0.0020852011241109564,0.001619543558588244,0.00429707470874665,0.0015161095021472347,128,7.824681666618719,0.9776785969734192,0.000774414590209291,0,0,0.005629653188852613,0.009133533524123296,bunny,0,9.17252862895839,0.0223214291036129
3.708740234375,160,3.9525005381358973,8,0.021568364434655807,128,16,0.0,0.375,2717982.0,0,8.423186097061262,1.28996666171588,0.0023847381200333825,28.872230535102794,30.12724169771952,0.1832989291216746,0.9980189405635037,,0.18293580304843843,70.00814136051852,0.11924259481054023,0.003942362148846387,0,351.0,2.0,p8,0.4762616852076369,0.0243055559694767,0.0,8,0.0,0.9854940091113702,0.014505990888629805,21,0.011750095796207628,0.0006197469216506832,371.32177734375,414.0,A,0.0022922869127013235,0.0056344397670716456,0.18293580304843843,0.0020736364337527514,0.0016073252579211625,0.004250251127745032,0.0014879792989259484,160,7.762376143645645,0.9768518805503845,0.006508674227375504,0,0,0.00562161209487244,0.009118722470297349,bunny,0,11.625477756839246,0.023148149251937866
3.974609375,192,4.274616496049679,8,0.018476845723480486,160,20,0.125,0.375,2717443.0,0,10.197770123137161,1.6018812018446624,0.0023743261566083933,26.27153085702184,29.816823937413854,0.1295500911063716,0.9999993521185456,,0.12955000717327017,41.39209528374594,0.07373180302770876,0.0024667257333046066,0,345.0,2.0,p8,0.4777053620619345,0.02524038590490818,0.0,8,0.0,0.9854721451357639,0.014527854864236134,25,2.319723179712725e-06,9.799493908552431e-08,371.884765625,414.0,A,0.0022712222600146156,0.005591591184076101,0.12955000717327017,0.00202851212760317,0.001596764456776405,0.00422302531709829,0.0014750902971913,192,7.722282556008146,0.9759615659713745,8.115062081923842e-07,0,0,0.00561459060612185,0.009108055246699106,bunny,0,14.191301310900599,0.024038461968302727
4.3040771484375,224,4.657302456197472,8,0.011814505009316259,192,24,0.375,0.375,2717729.0,0,11.828208324266598,1.9050189154222608,0.002352789051251357,29.251874119657344,29.53498628161309,0.09583970953418963,0.9994454662199251,,0.09578656317778036,62.86500647721558,0.07290935702405221,0.002462497095838658,0,336.0,2.0,p8,0.476822508978025,0.026249999180436134,0.0,8,0.0,0.9854896037137699,0.014510396286230076,29,0.001967065386256457,9.072802873759916e-05,372.740234375,414.0,A,0.002240403420965336,0.00556411727396579,0.09578656317778036,0.0019291022138724669,0.0015913940672060076,0.004203165177785733,0.001453524559559974,224,7.685699224093159,0.9749999642372131,0.0011106320233923853,0,0,0.005601905790510877,0.009090683630886448,bunny,0,16.57487485697493,0.02499999850988388
4.5838623046875,256,4.90821973550356,8,0.009260918218096768,224,28,0.0,0.375,2717586.0,0,13.48731772438623,2.2073214759584516,0.002372588537312534,18.298153025191894,29.34265172697986,0.07787828688458394,1.000023166758384,,0.07788009107203955,18.410408868650272,0.03056147650784169,0.0010404539774438038,0,331.0,1.0,p8,0.476655129764909,0.02734375,0.0,8,0.0,0.9854755813866304,0.014524418613369616,33,9.636890812552568e-05,3.4417467187689626e-06,377.5205078125,414.0,A,0.0022360229808668485,0.005589282661498115,0.07788009107203955,0.0019106391790135334,0.0015447176425075384,0.0042361626236646945,0.0014440513849468671,256,7.660633358538948,0.9739583730697632,4.6113086816452265e-05,0,0,0.005610203290114683,0.009090398320587851,bunny,0,19.00232569477521,0.0260416679084301
2.6119384765625,32,2.824718008771833,0,1.0468495992092501,0,0,,,2726522.0,0,1.7497482970356941,0.04841628414578736,0.0028336085124495407,0.32525648379069955,36.57236256266612,,,,,,,3.576415530763275e-08,0,388.0,2.0,p16,0.38623930760295944,0.021169353276491165,0.0,0,0.0,0.9850810164076027,0.014918983592397295,5,0.0,0.0,282.7607421875,354.0,A,0.002578329746078151,0.0067544522584080495,,0.0030965767441591225,0.0016931255169091214,0.004448312903433087,0.0016408229034003833,32,8.552468949100735,0.9808467626571655,0.0,0,0,0.0058290160577305255,0.009293792131943443,bunny,0,1.876673380844295,0.019153226166963577
2.91796875,64,3.025354609929078,16,0.09909399811188366,32,2,0.5625,0.75,2721401.0,0,2.5557287770789117,0.20249939826317132,0.0025279302770141827,90.36962541202651,32.70428910537842,2.4438434665206996,0.9979012870179252,,2.438714540511354,303.25922168959687,1.098148588859722,0.03248726020274319,0,382.0,2.0,p16,0.47051228060232386,0.02187500149011612,0.0,16,0.0,0.9854102571205597,0.01458974287944026,7,0.02761410446795379,0.0003013783936056939,363.87158203125,394.0,A,0.0024293434462993486,0.005951922196930849,2.438714540511354,0.0024145643109961708,0.0016691126938439896,0.004400061724166001,0.0015733519553701807,64,8.087556998918576,0.9791667461395264,0.01831060849059919,0,0,0.0057037129168417446,0.009195495374145065,bunny,0,3.12217011093162,0.02083333395421505
3.2337646484375,96,3.4068983907857358,16,0.05536630039652806,64,4,0.1875,0.5625,2719899.0,0,3.364828976104036,0.35352495149709284,0.002430037270066061,71.28480848240807,31.5107714544117,1.0498262739253497,0.999257384927998,,1.049046657111349,219.5596438226397,0.5655064653963784,0.017630052551925214,0,367.0,2.0,p16,0.4778389317435481,0.022629309445619583,0.0,16,0.0,0.9854554307818498,0.014544569218150172,9,0.00310594809701581,9.42565824058842e-05,365.32080078125,414.0,A,0.002362207961872918,0.005769050977428685,1.049046657111349,0.002253213724340741,0.0016431451512269948,0.004307756833552881,0.0015387769452527803,96,7.938610892897032,0.9784482717514038,0.0012387151731960459,0,0,0.005649626587030222,0.009155089986006358,bunny,0,4.362711458001286,0.021551724523305893
3.5186767578125,128,3.750776803568682,16,0.03371794629688112,96,6,0.1875,0.5,2718592.0,0,4.223923665937036,0.5087375005241483,0.0023673533426237623,51.73742053352556,30.67697001216502,0.6506294422399153,1.0006788590954292,,0.6510711279545338,145.132533123758,0.377717579914691,0.012162981153641303,0,361.0,2.0,p16,0.47618276041818264,0.02343750186264515,0.0,16,0.0,0.9855018957745123,0.014498104225487696,11,0.007639824565785021,0.00011387536887990677,368.23095703125,414.0,A,0.0023075937492134024,0.005601385267939256,0.6510711279545338,0.002074481410091905,0.0016142233165104612,0.004278698739817964,0.0015028657975038305,128,7.832875591015731,0.9776785969734192,0.0022219924853084947,0,0,0.005619365392418606,0.009123919879340893,bunny,0,5.665061039850116,0.0223214291036129
3.7440185546875,160,4.022263450834879,16,0.02918756447593158,128,8,0.1875,0.4375,2718170.0,0,5.04963344312273,0.662358722416684,0.002352645192138935,45.017038006591854,30.20007940695703,0.37668081944553744,1.001328556745341,,0.3771812612890524,135.87381606567556,0.2453351118588465,0.008058195814915238,0,351.0,2.0,p16,0.47621609048272245,0.0243055559694767,0.0,16,0.0,0.9854870082846328,0.01451299171536724,13,0.017714278767595116,0.0003138694847109761,369.8681640625,414.0,A,0.002279580519453532,0.0056023800513190095,0.3771812612890524,0.0020514549151968175,0.001597239368085705,0.004230006684152098,0.0014815819351342019,160,7.771753908476134,0.9768518805503845,0.0038068571005273237,0,0,0.005609521680733229,0.00910929286853334,bunny,0,6.926325257867575,0.023148149251937866
4.0081787109375,192,4.340106776517364,16,0.015571277116365424,160,10,0.1875,0.4375,2718220.0,0,5.90530231106095,0.8141483652871102,0.0023382873867296267,30.52428606730303,29.870154847972675,0.26979199241213947,1.00096390412203,,0.2700520460257162,78.43418281844355,0.15070137831145303,0.005019889412064536,0,345.0,2.0,p16,0.4764196001524257,0.02524038590490818,0.0,16,0.0,0.9854861063584779,0.014513893641522113,15,0.006156215049917729,7.138417326199204e-05,370.13330078125,414.0,A,0.0022599593893748325,0.005561782124082521,0.2700520460257162,0.002011962609112934,0.0015873968850878195,0.004197055549495214,0.0014728222066578303,192,7.729185577791838,0.9759615659713745,0.0014214148558061121,0,0,0.005599665405959319,0.009098907393775682,bunny,0,8.211732337949798,0.024038461968302727
4.2593994140625,224,4.627235912985084,16,0.015627688129149775,192,12,0.3125,0.375,2718067.0,0,6.7319133509881794,0.9666702400427312,0.0023284597566456916,32.79928095037234,29.611200692608296,0.20950980402430475,0.9957537754496864,,0.20862017835092533,85.68571690136561,0.12735016598512772,0.0042823258803244444,0,340.0,2.0,p16,0.476391322150168,0.026249999180436134,0.0,16,0.0,0.9854831354320843,0.014516864567915677,17,0.030115734639153787,0.00025801864356268345,378.13330078125,414.0,A,0.0022385145040261247,0.005527678178750105,0.20862017835092533,0.0019476523726449215,0.0015797419564618901,0.0041847683437848835,0.0014564521232563,224,7.695609227684095,0.9749999642372131,9.29739570453154e-05,0,0,0.005592550456284338,0.009087631891855607,bunny,0,9.46421906282194,0.02499999850988388
4.5374755859375,256,4.888209562563581,16,0.02170366837473741,224,14,0.0625,0.375,2718161.0,0,7.562369473045692,1.1189378898125142,0.0023375195371518635,27.71213034310509,29.40609783771588,0.15356860135689349,0.9962476003907503,,0.15299235059716887,63.12178772105676,0.08848394346732746,0.0030000067172946177,0,331.0,1.0,p16,0.47876712987683023,0.02734375,0.0,16,0.0,0.9854874318726361,0.0145125681273639,19,0.06365363382569779,0.0007884010992165095,379.19189453125,414.0,A,0.002226653835837896,0.005602319460677266,0.15299235059716887,0.0019153003760273486,0.0015263361243302773,0.004212629592313712,0.0014400614429268936,256,7.668910983668526,0.9739583730697632,0.00857619471551835,0,0,0.00559476397006118,0.009082782541590308,bunny,0,10.721355917863548,0.0260416679084301
2.6119384765625,32,2.824718008771833,0,1.0468495992091664,0,0,,,2726522.0,0,1.7476558738853782,0.04853675304912031,0.00283360851244957,0.32525648374388627,36.572362562666065,,,,,,,3.576415822189361e-08,0,388.0,2.0,dynamic,0.38623930760295977,0.021169353276491165,0.0,0,0.0,0.9850810164076027,0.014918983592397295,5,0.0,0.0,282.7607421875,354.0,A,0.002578329746078151,0.0067544522584080495,,0.0030965767441591225,0.0016931255169091214,0.004448312903433087,0.0016408229034003833,32,8.55246894910073,0.9808467626571655,0.0,0,0,0.0058290160577305255,0.009293792131943443,bunny,0,1.8746389539446682,0.019153226166963577
2.923583984375,61,3.0287941473785134,29,0.4420853847742753,29,1,0.5862068965517241,0.7931034482758621,2721881.0,0,2.144530469784513,0.1250269473530352,0.0025430457577164263,286.01338800344075,33.106015705639834,7.35114721778421,0.9874444317557731,,7.258849387217962,1041.1149138908759,3.466346857026231,0.09478050128937436,0,380.0,2.0,dynamic,0.46786637576154155,0.021806854754686356,0.0,32,0.0,0.9853161585670982,0.0146838414329018,6,0.08957596213075517,0.0008557122213095845,359.84375,394.0,A,0.0024437413416515787,0.006018480977283887,7.258849387217962,0.0025239832672514016,0.0016743077590121278,0.004389753793818834,0.001573591676003839,64,8.137077571909934,0.979231595993042,0.016342413378046455,0,0,0.005709684457135805,0.009203562424486724,bunny,0,2.643178056925535,0.020768433809280396
3.1641845703125,93,3.2919670389736293,32,0.07813372230885007,61,2,0.375,0.75,2720484.0,0,2.5530525830108672,0.202394082210958,0.0024490254908119645,102.21680139678914,31.744920227027457,2.929441034892052,1.0005247267585882,,2.9309781909907664,455.33326427873305,1.361095478612377,0.04111323726522936,0,369.0,2.0,dynamic,0.48404714251350955,0.02255639061331749,0.0,32,0.0,0.9854375351637905,0.014562464836209488,7,0.0451276670704144,0.00029399108619593674,361.98388671875,394.0,A,0.002393241172884822,0.005779227782014135,2.9309781909907664,0.0023549559509859867,0.001647438543298032,0.004332087765457688,0.001557953525707615,96,7.9680512331469675,0.9785177707672119,0.006992561810565636,0,0,0.00566063372300723,0.009172160229404126,bunny,0,3.492429877864197,0.021482277661561966
3.4708251953125,125,3.6518586884069117,32,0.049507923463856504,93,3,0.1875,0.46875,2719569.0,0,2.9660963269416243,0.279020146233961,0.002368373247228977,96.5334935615059,30.94719370556401,1.5897768305507187,0.9969585273132788,,1.5849415677426166,381.81189831677773,0.7977265214634457,0.025129265273260853,0,362.0,2.0,dynamic,0.47530257011671195,0.023359287530183792,0.0,32,0.0,0.9854877504310893,0.014512249568910729,8,0.06006519391355541,0.00040764947104172337,364.869140625,414.0,A,0.002324679738124626,0.005635217573552111,1.5849415677426166,0.0021776461427010564,0.0016184239662217785,0.004264556002340183,0.001512946253455155,128,7.8672986095055535,0.9777530431747437,0.010797818648737804,0,0,0.005623480274866259,0.009131550768401324,bunny,0,4.348355537978932,0.022246940061450005
3.7108154296875,157,3.94670917086071,32,0.0308623266187057,125,4,0.15625,0.59375,2718896.0,0,3.3802508788648993,0.356650602305308,0.002320529689429094,67.85516490988864,30.395493572819476,0.9207971919301069,0.9998294411949429,,0.9206401418613513,272.2657003377959,0.5517001327445357,0.01782714575006243,0,352.0,2.0,dynamic,0.483795616825567,0.024221451953053474,0.0,32,0.0,0.9855059853732908,0.014494014626709184,9,0.0337556611818505,0.0002871682729632843,366.42626953125,414.0,A,0.002276986563239181,0.005531365749610305,0.9206401418613513,0.002095588861717092,0.0015651929954712141,0.004192305853178835,0.0014903522210676522,160,7.7968575173360035,0.9769319295883179,0.006525218457216904,0,0,0.005600060055474551,0.009104246875216205,bunny,0,5.204040214885026,0.023068049922585487
3.9866943359375,189,4.238884277618945,32,0.026145662160303087,157,5,0.21875,0.65625,2718575.0,0,3.7805702798068523,0.43200346431694925,0.002293995351677799,57.69473868663483,30.045159284695018,0.6404478807560492,0.9970995171672385,,0.6385902726726378,191.14159409221395,0.35033428812445777,0.011525862782427305,0,347.0,2.0,dynamic,0.4781839829799472,0.025149701163172722,0.0,32,0.0,0.9855356181107817,0.01446438188921828,10,0.030150661164806386,0.00016359126007953943,368.42919921875,414.0,A,0.002247656345458378,0.005491262058927128,0.6385902726726378,0.002015668959186505,0.0015579112163701476,0.004153386035807708,0.0014764334322068836,192,7.7517945386465215,0.976047933101654,0.001221102366119597,0,0,0.005584436841995018,0.009088175175975401,bunny,0,6.004843540024012,0.023952096700668335
4.26220703125,221,4.6173811547164405,32,0.022218038298083557,189,6,0.15625,0.34375,2718315.0,0,4.2325764717534184,0.5085025853477418,0.0022746009312263056,53.200219114940325,29.752879750939474,0.49644219765895153,1.0041107303494543,,0.498482937667618,185.0397628381242,0.2922795337555435,0.009728007463233672,0,340.0,2.0,dynamic,0.47890464268253685,0.026151929050683975,0.0,32,0.0,0.9855084661040363,0.014491533895963693,11,0.07591807031061915,0.0005270881907062031,374.33837890625,414.0,A,0.002222066904429128,0.005468086972789301,0.498482937667618,0.0019141688792375356,0.0015564721195668076,0.004138101685955446,0.0014630397425271766,224,7.713997634293062,0.9750933647155762,0.02394192468038568,0,0,0.005573779694973275,0.009074290277278687,bunny,0,6.900816845009103,0.024906599894165993
4.551513671875,256,4.91145473041709,3,0.009715397735261902,224,8,0.0,0.0,2718081.0,0,5.096841872669756,0.663496837252751,0.002285768410011588,29.654530091496035,29.438291577121703,0.036030834675149045,0.9999999999999973,,0.03603083467514895,17.16267069429162,0.0678892628013763,0.0023008488685697503,0,328.0,1.0,dynamic,0.47808155394721,0.02734375,0.0,3,0.0,0.9855075283475944,0.014492471652405636,13,0.0,0.0,376.4677734375,414.0,A,0.002209796933784429,0.005518017278479573,0.03603083467514895,0.0018704885366216599,0.001487678350336204,0.004167743076629228,0.0014521524910495983,256,7.6731077898230655,0.9739583730697632,0.0,0,0,0.005573507528737378,0.009069731128434231,bunny,0,8.36340266186744,0.0260416679084301
