active_jacobian_seconds,active_k,cg_failures,cg_iterations,condition,expansion_geometry_l2_difference,expansion_geometry_max_difference,expansion_image_l2_difference,expansion_image_max_difference,expansion_loss_difference,geometry_evaluation_seconds,line_search_failures,linear_solve_seconds,minimum_denominator_magnitude,mutual_column_cosine_max,mutual_column_cosine_median,near_null_candidate_fraction,normal_consistency,normal_error,normalized_image_mse,normalized_residual_energy,numerical_rank_relative_1e-10,numerical_rank_relative_1e-6,numerical_rank_relative_1e-8,occupied_owner_event_fraction,occupied_pixel_fraction,occupied_pixels,optimization_seconds,optimizer_steps,packets_per_emitter,peak_allocated_mib,peak_reserved_mib,photon_state_transport_event_fraction,photons,photons_per_occupied_pixel,point_to_surface_mean,point_to_surface_p95,raw_image_loss,regional_ear_p2s_mean,regional_head_p2s_mean,regional_leg_p2s_mean,regional_torso_p2s_mean,render_evaluation_seconds,residual_energy,residual_norm,resolution,responsive_candidate_fraction,root_failures,sigma,stable_rank,start_mode,surface_rms,symmetric_chamfer,total_runtime_seconds
0.37487591756507754,256,0,96,A,0.0,0.0,0.0,0.0,0.0,0.04646700108423829,0,0.853929084027186,0.13429006269768803,1.0000000000000002,0.0,0.056640625,0.9687026179490512,0.031297382050948785,0.00030006396106870074,0.04317139379488816,986,960,964,0.17077720529065632,0.05259895324707031,27577,6.052034204127267,16,8,490.77001953125,540.0,0.0050334930419921875,65536,1.0350654530949706,0.004740011897368567,0.014821894885071834,235.97990103118045,0.007276056358866853,0.0033118187774017083,0.007139786073501145,0.0030198828928234625,4.818748178426176,471.9598020623609,21.72463583267533,256,0.9482421875,0,2.5,7.248207499719741,cold,0.008005529592682118,0.011023902411091193,6.176079362165183
0.3957672854885459,512,0,96,A,0.0,0.0,0.0,0.0,0.0,0.017885891953483224,0,0.9906207383610308,0.1304220044117794,1.0000000000000002,0.0,0.056640625,0.9690152779587624,0.03098472204123759,0.0002914615958389007,0.0419337373446418,986,960,964,0.17077720529065632,0.05259895324707031,27577,6.182084816973656,16,8,524.4970703125,564.0,0.0050334930419921875,65536,1.0350654530949706,0.00442082505378523,0.014302071194040953,229.21472573877836,0.006811319089403741,0.0030077560694307835,0.006836009522636712,0.0027342171382787953,4.791398741304874,458.4294514775567,21.41096568297555,256,0.9482421875,0,2.5,7.248207499719741,cold,0.0077558450148115556,0.01080795493763427,6.27798344520852
0.026844840962439775,1024,0,6,A,0.0,0.0,0.0,0.0,0.0,0.017126705963164568,1,0.07154580601491034,0.10109181044192851,1.0000000000000002,0.0,0.056640625,0.9673167114963271,0.03268328850367286,0.0003431209895414429,0.049366179483959556,986,960,964,0.17077720529065632,0.05259895324707031,27577,0.472399729071185,1,8,493.662109375,542.0,0.0050334930419921875,65536,1.0350654530949706,0.005958215649007602,0.017796597246170127,269.84132604705604,0.010407573146411829,0.004628256140555319,0.008159041878397734,0.0037230467746256143,0.3729003279004246,539.6826520941121,23.231070833995407,256,0.9482421875,0,2.5,7.248207499719741,cold,0.009074577754735146,0.011958621996371467,0.5733593290206045
0.39538262388668954,512,0,96,A,2.277698416362294e-15,4.704140204225353e-16,5.385820133757438e-13,4.5380366131553274e-14,2.842170943040401e-14,0.017972409026697278,0,0.9898729447741061,0.1307385103030968,1.0000000000000002,0.0,0.056640625,0.9689941531819614,0.03100584681803864,0.0002913171974318766,0.04191296217233923,986,960,964,0.17077720529065632,0.05259895324707031,27577,6.203031036071479,16,8,553.61767578125,596.0,0.0050334930419921875,65536,1.0350654530949706,0.00450198582180519,0.014738042651558375,229.10116621074556,0.0068882438973026875,0.0030151159734919607,0.007040480487727982,0.002769071648463368,4.812853262061253,458.2023324214911,21.405661223645748,256,0.9482421875,0,2.5,7.248207499719741,warm,0.0078527680013207,0.01086915228139139,6.295384942088276
0.13392575201578438,1024,0,30,A,3.12177296798656e-15,5.578801654593729e-16,7.590146923688994e-13,6.222800053024002e-14,8.526512829121202e-14,0.01805480709299445,1,0.3597637501079589,0.1026021025220597,1.0000000000000002,0.0,0.056640625,0.9691051439083626,0.030894856091637446,0.00028226364203886846,0.040610391201392475,986,960,964,0.17077720529065632,0.05259895324707031,27577,2.047141168033704,5,8,582.57666015625,634.0,0.0050334930419921875,65536,1.0350654530949706,0.004284065559079936,0.014348169921266836,221.9811605359114,0.006542259966354347,0.0027625802357385677,0.006834580710995166,0.002593154486618761,1.5513385054655373,443.9623210718228,21.07041340533742,256,0.9482421875,0,2.5,7.248207499719741,warm,0.007719735361077541,0.010719812081259359,2.149632564978674
0.02298788703046739,256,0,6,C,0.0,0.0,0.0,0.0,0.0,0.018206489039584994,1,0.06651788577437401,0.10109181044192851,1.0,0.0,0.0556640625,0.9673167114963271,0.03268328850367286,0.00017744826674897843,0.1067297507872211,982,961,966,0.2820470547569281,0.013495445251464844,28302,0.46551063493825495,1,8,654.32470703125,706.0,0.00884246826171875,65536,1.008550632464137,0.005958215649007602,0.017796597246170127,558.2039812637304,0.010407573146411829,0.004628256140555319,0.008159041878397734,0.0037230467746256143,0.37504446879029274,1116.4079625274608,33.41269163846967,512,0.94921875,0,2.5,4.298571730945403,cold,0.009074577754735146,0.011958621996371467,0.5600492300000042
0.026617916068062186,512,0,6,C,0.0,0.0,0.0,0.0,0.0,0.01841774396598339,1,0.0764034001622349,0.10109181044192851,1.0,0.0,0.0556640625,0.9673167114963271,0.03268328850367286,0.00017744826674897843,0.1067297507872211,982,961,966,0.2820470547569281,0.013495445251464844,28302,0.4866169849410653,1,8,713.09033203125,770.0,0.00884246826171875,65536,1.008550632464137,0.005958215649007602,0.017796597246170127,558.2039812637304,0.010407573146411829,0.004628256140555319,0.008159041878397734,0.0037230467746256143,0.3825649672653526,1116.4079625274608,33.41269163846967,512,0.94921875,0,2.5,4.298571730945403,cold,0.009074577754735146,0.011958621996371467,0.5905734621919692
0.028420727932825685,1024,0,6,C,0.0,0.0,0.0,0.0,0.0,0.018154324032366276,1,0.08526659803465009,0.10109181044192851,1.0,0.0,0.0556640625,0.9673167114963271,0.03268328850367286,0.00017744826674897843,0.1067297507872211,982,961,966,0.2820470547569281,0.013495445251464844,28302,0.4978715288452804,1,8,770.6474609375,860.0,0.00884246826171875,65536,1.008550632464137,0.005958215649007602,0.017796597246170127,558.2039812637304,0.010407573146411829,0.004628256140555319,0.008159041878397734,0.0037230467746256143,0.38311877683736384,1116.4079625274608,33.41269163846967,512,0.94921875,0,2.5,4.298571730945403,cold,0.009074577754735146,0.011958621996371467,0.6021549580618739
0.02461361698806286,512,0,6,C,0.0,0.0,3.3350030627926397e-16,1.1102230246251565e-16,0.0,0.01825972693040967,1,0.07569214003160596,0.10109181044192851,1.0,0.0,0.0556640625,0.9673167114963271,0.03268328850367286,0.00017744826674897843,0.1067297507872211,982,961,966,0.2820470547569281,0.013495445251464844,28302,0.4841708999592811,1,8,808.75048828125,864.0,0.00884246826171875,65536,1.008550632464137,0.005958215649007602,0.017796597246170127,558.2039812637304,0.010407573146411829,0.004628256140555319,0.008159041878397734,0.0037230467746256143,0.38282717298716307,1116.4079625274608,33.41269163846967,512,0.94921875,0,2.5,4.298571730945403,warm,0.009074577754735146,0.011958621996371467,0.5909533048979938
0.027349965879693627,1024,0,6,C,0.0,0.0,2.368389951639684e-16,1.1102230246251565e-16,0.0,0.01827847003005445,1,0.085913976887241,0.10109181044192851,1.0,0.0,0.0556640625,0.9673167114963271,0.03268328850367286,0.00017744826674897843,0.1067297507872211,982,961,966,0.2820470547569281,0.013495445251464844,28302,0.48886999394744635,1,8,865.712890625,952.0,0.00884246826171875,65536,1.008550632464137,0.005958215649007602,0.017796597246170127,558.2039812637304,0.010407573146411829,0.004628256140555319,0.008159041878397734,0.0037230467746256143,0.3745981839019805,1116.4079625274608,33.41269163846967,512,0.94921875,0,2.5,4.298571730945403,warm,0.009074577754735146,0.011958621996371467,0.5867489660158753
0.7933263697195798,256,0,96,B,0.0,0.0,0.0,0.0,0.0,0.01791743910871446,0,2.6976728420704603,0.12316737568497226,0.9999999999999998,0.0,0.0263671875,0.968569498175138,0.031430501824861956,0.001513460438793771,0.04968902511421954,1005,988,995,0.17334487103829505,0.19006729125976562,99650,8.29921638011001,16,32,848.04736328125,1002.0,0.004896640777587891,262144,1.144465629703964,0.004695034059695356,0.014887068900165104,1190.233719801463,0.007455904254296576,0.0033517483239982773,0.006889667894560838,0.0029932303084007046,4.803177664754912,2380.467439602926,48.79003422424426,256,0.9775390625,0,2.5,6.067421630360669,cold,0.007960099762587323,0.011003352983391041,8.392641108017415
0.8973438388202339,512,0,96,B,0.0,0.0,0.0,0.0,0.0,0.016751910094171762,0,3.196868827100843,0.11768594080997401,0.9999999999999998,0.0,0.0263671875,0.9687434146221416,0.03125658537785836,0.0014870704918219042,0.04882260620809133,1005,988,995,0.17334487103829505,0.19006729125976562,99650,8.91696363221854,16,32,928.40576171875,1096.0,0.004896640777587891,262144,1.144465629703964,0.004354906627362184,0.014214879213674229,1169.4798210244837,0.0069671736578115085,0.0030538693910178672,0.006527524862865348,0.0027008793304416972,4.818231788929552,2338.9596420489675,48.36279191743346,256,0.9775390625,0,2.5,6.067421630360669,cold,0.00770498316246287,0.010774867886273092,9.021071755094454
0.06402641115710139,1024,0,6,B,0.0,0.0,0.0,0.0,0.0,0.018737621838226914,1,0.2328850207850337,0.10109181044192851,0.9999999999999998,0.0,0.0263671875,0.9673167114963271,0.03268328850367286,0.0016505008150815724,0.05418825253007043,1005,988,995,0.17334487103829505,0.19006729125976562,99650,0.6723504178225994,1,32,827.888671875,1034.0,0.004896640777587891,262144,1.144465629703964,0.005958215649007602,0.017796597246170127,1298.006657006231,0.010407573146411829,0.004628256140555319,0.008159041878397734,0.0037230467746256143,0.3744397470727563,2596.013314012462,50.9510874664365,256,0.9775390625,0,2.5,6.067421630360669,cold,0.009074577754735146,0.011958621996371467,0.7654320339206606
0.8991287117823958,512,0,96,B,2.5085776305995247e-15,6.568167990716596e-16,1.091462733923939e-12,8.004708007547379e-14,0.0,0.017447188962250948,0,3.2157576298341155,0.11780330081839545,0.9999999999999998,0.0,0.0263671875,0.9687910487392204,0.031208951260779605,0.0014868190133906448,0.04881434981911265,1005,988,995,0.17334487103829505,0.19006729125976562,99650,8.94097633403726,16,32,954.75244140625,1120.0,0.004896640777587891,262144,1.144465629703964,0.004386990715687461,0.0145824313066436,1169.2820503388316,0.006988267862753909,0.0030490018383777075,0.006618260675094369,0.0027141894035116955,4.82134016091004,2338.564100677663,48.35870242963166,256,0.9775390625,0,2.5,6.067421630360669,warm,0.007743615236717644,0.010799725254487701,9.036184051074088
0.18868001783266664,1024,0,18,B,2.95320929687296e-15,6.53436047881237e-16,1.3050248229163132e-12,5.617728504603292e-14,2.2737367544323206e-13,0.01637202501296997,1,0.6916964699048549,0.11793560073088817,0.9999999999999998,0.0,0.0263671875,0.9689813653369254,0.03101863466307464,0.0014635368261754508,0.048049963016791104,1005,988,995,0.17334487103829505,0.19006729125976562,99650,1.8481927828397602,3,32,1032.7080078125,1206.0,0.004896640777587891,262144,1.144465629703964,0.004204686007550301,0.014231394817111229,1150.9721932828122,0.006674291407556285,0.0028528301628873995,0.0064463226214167045,0.002570832269080257,0.9663278108928353,2301.9443865656244,47.97858258187318,256,0.9775390625,0,2.5,6.067421630360669,warm,0.00760393936674764,0.010672099889211712,1.9410011270083487
0.05563901783898473,256,0,6,D,0.0,0.0,0.0,0.0,0.0,0.025341440923511982,1,0.21443742397241294,0.10109181044192851,0.9999999999999998,0.0,0.025390625,0.9673167114963271,0.03268328850367286,0.0007394427576344547,0.10674076241756941,1003,989,996,0.2805120497173722,0.05250835418701172,110118,0.6460169281344861,1,32,904.27685546875,1022.0,0.008701801300048828,262144,1.0356708258413703,0.005958215649007602,0.017796597246170127,2326.085787087918,0.010407573146411829,0.004628256140555319,0.008159041878397734,0.0037230467746256143,0.3749671461991966,4652.171574175836,68.20682938075802,512,0.98046875,0,2.5,4.262039910012423,cold,0.009074577754735146,0.011958621996371467,0.7496058500837535
0.0632995490450412,512,0,6,D,0.0,0.0,0.0,0.0,0.0,0.018340351060032845,1,0.25140522490255535,0.10109181044192851,0.9999999999999998,0.0,0.025390625,0.9673167114963271,0.03268328850367286,0.0007394427576344547,0.10674076241756941,1003,989,996,0.2805120497173722,0.05250835418701172,110118,0.6894258828833699,1,32,1001.318359375,1132.0,0.008701801300048828,262144,1.0356708258413703,0.005958215649007602,0.017796597246170127,2326.085787087918,0.010407573146411829,0.004628256140555319,0.008159041878397734,0.0037230467746256143,0.3737063533626497,4652.171574175836,68.20682938075802,512,0.98046875,0,2.5,4.262039910012423,cold,0.009074577754735146,0.011958621996371467,0.7858263701200485
0.07139828917570412,1024,0,6,D,0.0,0.0,0.0,0.0,0.0,0.018196224933490157,1,0.2928558741696179,0.10109181044192851,0.9999999999999998,0.0,0.025390625,0.9673167114963271,0.03268328850367286,0.0007394427576344547,0.10674076241756941,1003,989,996,0.2805120497173722,0.05250835418701172,110118,0.7447069541085511,1,32,1098.46435546875,1256.0,0.008701801300048828,262144,1.0356708258413703,0.005958215649007602,0.017796597246170127,2326.085787087918,0.010407573146411829,0.004628256140555319,0.008159041878397734,0.0037230467746256143,0.3788384418003261,4652.171574175836,68.20682938075802,512,0.98046875,0,2.5,4.262039910012423,cold,0.009074577754735146,0.011958621996371467,0.8410717321094126
0.06371116288937628,512,0,6,D,0.0,0.0,2.371539093587371e-15,2.220446049250313e-16,0.0,0.016891768900677562,1,0.25288856914266944,0.10109181044192851,0.9999999999999998,0.0,0.025390625,0.9673167114963271,0.03268328850367286,0.0007394427576344547,0.10674076241756941,1003,989,996,0.2805120497173722,0.05250835418701172,110118,0.6922100759111345,1,32,1098.5205078125,1284.0,0.008701801300048828,262144,1.0356708258413703,0.005958215649007602,0.017796597246170127,2326.085787087918,0.010407573146411829,0.004628256140555319,0.008159041878397734,0.0037230467746256143,0.37458807113580406,4652.171574175836,68.20682938075802,512,0.98046875,0,2.5,4.262039910012423,warm,0.009074577754735146,0.011958621996371467,0.7874443929176778
0.07174602895975113,1024,0,6,D,0.0,0.0,2.1936895304732984e-15,2.220446049250313e-16,0.0,0.017813536105677485,1,0.2898811229970306,0.10109181044192851,0.9999999999999998,0.0,0.025390625,0.9673167114963271,0.03268328850367286,0.0007394427576344547,0.10674076241756941,1003,989,996,0.2805120497173722,0.05250835418701172,110118,0.7396479831077158,1,32,1196.0361328125,1368.0,0.008701801300048828,262144,1.0356708258413703,0.005958215649007602,0.017796597246170127,2326.085787087918,0.010407573146411829,0.004628256140555319,0.008159041878397734,0.0037230467746256143,0.37646198202855885,4652.171574175836,68.20682938075802,512,0.98046875,0,2.5,4.262039910012423,warm,0.009074577754735146,0.011958621996371467,0.8358361930586398
0.0724251342471689,256,0,18,A,0.0,0.0,0.0,0.0,0.0,0.04647769406437874,1,0.1733535120729357,0.1163652113445218,1.0000000000000002,0.0,0.0732421875,0.9291989563950257,0.0708010436049743,0.0010340562774997454,0.14905787496298756,968,933,947,0.3496180180298698,0.052349090576171875,27446,1.2090615860652179,3,8,500.849609375,546.0,0.011411666870117188,65536,1.0363987466297457,0.009709926900132077,0.0344531675764736,813.2149464266798,0.0203659409252445,0.006674349116942715,0.012984320165050169,0.005395399601367733,0.961379538057372,1626.4298928533597,40.329020479716085,256,0.9345703125,0,4.0,1.7347967359316259,cold,0.01445885173814512,0.017376833592361092,1.3297914690338075
0.10440315189771354,512,0,24,A,0.0,0.0,0.0,0.0,0.0,0.020922600058838725,1,0.2669973948504776,0.11615549078519918,1.0000000000000002,0.0,0.0732421875,0.9295616434190481,0.07043835658095188,0.0010136798857318784,0.14612064444428174,968,933,947,0.3496180180298698,0.052349090576171875,27446,1.6493013189174235,4,8,535.41943359375,572.0,0.011411666870117188,65536,1.0363987466297457,0.009247829827797632,0.033513806660946305,797.1902998958926,0.01990269422271344,0.005874021070876247,0.012473900968666149,0.005041413762572226,1.2762684794142842,1594.3805997917852,39.92969571373898,256,0.9345703125,0,4.0,1.7347967359316259,cold,0.014038886325434407,0.016996778718638896,1.7547791099641472
0.11201154021546245,1024,0,24,A,0.0,0.0,0.0,0.0,0.0,0.019374591996893287,1,0.3099113160278648,0.11608994845660839,1.0000000000000002,0.0,0.0732421875,0.9298692715901766,0.07013072840982337,0.001000574738746377,0.14423155445639477,968,933,947,0.3496180180298698,0.052349090576171875,27446,1.6835859769489616,4,8,571.38232421875,620.0,0.011411666870117188,65536,1.0363987466297457,0.008902546080821978,0.03370580239238861,786.8839929417907,0.019673933148862708,0.0052966225819801125,0.012150031686683174,0.004704877136018647,1.2600180942099541,1573.7679858835813,39.670744710473755,256,0.9345703125,0,4.0,1.7347967359316259,cold,0.013809745210616097,0.016747281723995987,1.783229468157515
0.027704851934686303,512,0,6,A,2.832302000287796e-15,5.266250202865052e-16,7.385800755317398e-13,5.3484994211316916e-14,1.1368683772161603e-13,0.02058725501410663,1,0.06713908188976347,0.1163652113445218,1.0000000000000002,0.0,0.0732421875,0.9291989563950257,0.0708010436049743,0.0010340562774997458,0.1490578749629876,968,933,947,0.3496180180298698,0.052349090576171875,27446,0.486048020189628,1,8,500.416015625,562.0,0.011411666870117188,65536,1.0363987466297457,0.009709926900132077,0.0344531675764736,813.2149464266801,0.0203659409252445,0.006674349116942715,0.012984320165050169,0.005395399601367733,0.39018928399309516,1626.4298928533601,40.32902047971609,256,0.9345703125,0,4.0,1.7347967359316259,warm,0.01445885173814512,0.017376833592361092,0.5907380671706051
0.027684766799211502,1024,0,6,A,2.8030777003547517e-15,4.920258062434079e-16,7.755888822752851e-13,7.172734628468902e-14,2.2737367544323206e-13,0.02037670905701816,1,0.07730604708194733,0.1163652113445218,1.0000000000000002,0.0,0.0732421875,0.9291989563950257,0.0708010436049743,0.0010340562774997454,0.14905787496298756,968,933,947,0.3496180180298698,0.052349090576171875,27446,0.483786100987345,1,8,530.28857421875,582.0,0.011411666870117188,65536,1.0363987466297457,0.009709926900132077,0.0344531675764736,813.2149464266798,0.0203659409252445,0.006674349116942715,0.012984320165050169,0.005395399601367733,0.37776695587672293,1626.4298928533597,40.329020479716085,256,0.9345703125,0,4.0,1.7347967359316259,warm,0.01445885173814512,0.017376833592361092,0.5920180520042777
0.1452874862588942,256,0,36,C,0.0,0.0,0.0,0.0,0.0,0.019433527952060103,1,0.4181022080592811,0.1151295931068846,1.0,0.0,0.0732421875,0.9278484664920852,0.07215153350791481,0.0004753099283967279,0.28765882102662915,962,933,947,0.5081899834273077,0.013444900512695312,28196,2.443766008131206,6,8,680.59912109375,766.0,0.018304824829101562,65536,1.0088310398638105,0.010333767231113402,0.03644973151073614,1495.195750435582,0.02301960495262701,0.006656688165799068,0.01407382260365558,0.005296638535311174,1.878296066308394,2990.391500871164,54.68447220986195,512,0.935546875,0,4.0,1.7412667977832073,cold,0.015521937829655752,0.018075144745749262,2.5419390520546585
0.184607406379655,512,0,42,C,0.0,0.0,0.0,0.0,0.0,0.020116284023970366,1,0.5620138433296233,0.11503439204962343,1.0,0.0,0.0732421875,0.9280344590550131,0.07196554094498686,0.00046395497721205773,0.28078677465129903,962,933,947,0.5081899834273077,0.013444900512695312,28196,2.949714628048241,7,8,750.9697265625,840.0,0.018304824829101562,65536,1.0088310398638105,0.009993774398575371,0.03631869479497253,1459.476162555332,0.022891204703628848,0.005974470562756372,0.013707781783709565,0.004987753182597266,2.2005754460114986,2918.952325110664,54.02732942789847,512,0.935546875,0,4.0,1.7412667977832073,cold,0.015282311182214096,0.01780745907446442,3.0562826360110193
0.45507539133541286,1024,0,96,C,0.0,0.0,0.0,0.0,0.0,0.020110715879127383,1,1.440843346528709,0.11433019061107633,1.0,0.0,0.0732421875,0.9283084123040299,0.07169158769597006,0.00045141823752949806,0.2731995067632342,962,933,947,0.5081899834273077,0.013444900512695312,28196,6.816271329997107,16,8,822.28271484375,896.0,0.018304824829101562,65536,1.0088310398638105,0.009584940499099387,0.036379981939099824,1420.0389895071928,0.02263169712138884,0.005440731334157091,0.01332551126866591,0.004548708520880932,4.9145985268987715,2840.0779790143856,53.29238199794025,512,0.935546875,0,4.0,1.7412667977832073,cold,0.015063370803633758,0.017507757184368453,6.922152814920992
0.02749760402366519,512,0,6,C,2.7385703407070783e-15,4.47545209131181e-16,1.5332570038037173e-12,1.2967404927621828e-13,2.2737367544323206e-13,0.021875087870284915,1,0.07819530088454485,0.11512959310688461,1.0,0.0,0.0732421875,0.9278484664920852,0.07215153350791481,0.0004753099283967281,0.2876588210266292,962,933,947,0.5081899834273077,0.013444900512695312,28196,0.48707756702788174,1,8,814.72998046875,870.0,0.018304824829101562,65536,1.0088310398638105,0.010333767231113402,0.03644973151073614,1495.1957504355826,0.02301960495262701,0.006656688165799068,0.01407382260365558,0.005296638535311174,0.38032971788197756,2990.391500871165,54.68447220986196,512,0.935546875,0,4.0,1.7412667977832073,warm,0.015521937829655752,0.018075144745749262,0.5966925919055939
0.17070372099988163,1024,0,36,C,2.739717082785126e-15,5.095246377785861e-16,1.5318091385329267e-12,1.1668443988810395e-13,6.821210263296962e-13,0.020138764986768365,1,0.5397673978004605,0.11428773213752295,1.0,0.0,0.0732421875,0.9279672720131666,0.07203272798683336,0.00045382759534468264,0.2746576564612325,962,933,947,0.5081899834273077,0.013444900512695312,28196,2.575091235106811,6,8,915.74951171875,992.0,0.018304824829101562,65536,1.0088310398638105,0.009721303017482957,0.03628426736757375,1427.618173848438,0.022722663233847373,0.0055524814408894445,0.013495584859509009,0.0046872678208434,1.8625056641176343,2855.236347696876,53.434411643592334,512,0.935546875,0,4.0,1.7412667977832073,warm,0.015115843682914123,0.017604422911403815,2.681726441020146
0.15970371686853468,256,0,18,B,0.0,0.0,0.0,0.0,0.0,0.02068312489427626,1,0.5360085901338607,0.11578865022147267,1.0000000000000002,0.0,0.03515625,0.9289106007043437,0.07108939929565627,0.0043416342646474685,0.14318937617424152,993,971,984,0.35325226873152876,0.18927574157714844,99235,1.659179330104962,3,32,892.23828125,982.0,0.011187553405761719,262144,1.146440268050587,0.009988667729455454,0.034922651602706044,3414.400118015238,0.02100761044637171,0.006973338506132554,0.013338110635914524,0.0055165400388968696,0.962012158241123,6828.800236030476,82.63655508327096,256,0.966796875,0,4.0,1.736775643384658,cold,0.014762993839843572,0.017635773283141972,1.7562146640848368
0.24169633514247835,512,0,24,B,0.0,0.0,0.0,0.0,0.0,0.02066369797103107,1,0.8449756719637662,0.1158100829977805,1.0000000000000002,0.0,0.03515625,0.929271969391539,0.070728030608461,0.004285698413370285,0.14134458244866835,993,971,984,0.35325226873152876,0.18927574157714844,99235,2.348183414200321,4,32,978.54931640625,1132.0,0.011187553405761719,262144,1.146440268050587,0.009574985861713282,0.03452300955050332,3370.41037462362,0.020655332421444194,0.00629935694259299,0.012870637084822202,0.005175504447322538,1.2591322378721088,6740.82074924724,82.10250147984067,256,0.966796875,0,4.0,1.736775643384658,cold,0.014406457755152789,0.01730224055463119,2.4531653199810535
0.3324418601114303,1024,0,30,B,0.0,0.0,0.0,0.0,0.0,0.018836376955732703,1,1.222445750143379,0.11629873295920815,1.0000000000000002,0.0,0.03515625,0.9295339137391648,0.07046608626083517,0.004227034699610448,0.13940982238706343,993,971,984,0.35325226873152876,0.18927574157714844,99235,3.106241605943069,5,32,1065.1376953125,1296.0,0.011187553405761719,262144,1.146440268050587,0.009026093546447143,0.034394886446957665,3324.2753528840435,0.020241868756214837,0.0054956130239679195,0.012262739182246367,0.004677685993223705,1.548897951375693,6648.550705768087,81.53864547420497,256,0.966796875,0,4.0,1.736775643384658,cold,0.014030121767425683,0.0168887287105181,3.2057912519667298
0.11814465001225471,512,0,12,B,2.889078033134667e-15,4.509747244882934e-16,1.4963210098584514e-12,8.89843754237063e-14,0.0,0.019997218856588006,1,0.4221796952188015,0.11592724445580724,1.0000000000000002,0.0,0.03515625,0.9291769334275769,0.0708230665724231,0.004313168935156695,0.14225057467141408,993,971,984,0.35325226873152876,0.18927574157714844,99235,1.2025385708548129,2,32,1000.91845703125,1100.0,0.011187553405761719,262144,1.146440268050587,0.009790894787265126,0.03482774548285644,3392.01407201315,0.02081779323206725,0.006636545884959431,0.013133370895749074,0.0053537379910701954,0.6609757174737751,6784.0281440263,82.36521197706165,256,0.966796875,0,4.0,1.736775643384658,warm,0.014599034847559134,0.017478801269677456,1.3110686962027103
0.06680134916678071,1024,0,6,B,3.3580473389956427e-15,6.546139416680338e-16,1.6941137358772894e-12,7.893685705084863e-14,4.547473508864641e-13,0.023787162033841014,1,0.24365815706551075,0.11592724445580724,1.0000000000000002,0.0,0.03515625,0.9291769334275769,0.0708230665724231,0.004313168935156696,0.1422505746714141,993,971,984,0.35325226873152876,0.18927574157714844,99235,0.6802361190784723,1,32,875.0869140625,1022.0,0.011187553405761719,262144,1.146440268050587,0.009790894787265126,0.03482774548285644,3392.014072013151,0.02081779323206725,0.006636545884959431,0.013133370895749074,0.0053537379910701954,0.36845256900414824,6784.028144026302,82.36521197706166,256,0.966796875,0,4.0,1.736775643384658,warm,0.014599034847559134,0.017478801269677456,0.780601202044636
0.9180821340996772,256,0,96,D,0.0,0.0,0.0,0.0,0.0,0.02286187093704939,0,3.6494836665224284,0.11389527037725139,1.0000000000000002,0.0,0.0322265625,0.9276162830564199,0.07238371694358015,0.0019460903788105343,0.28135528918553515,992,974,986,0.5028118391230503,0.05237865447998047,109846,9.46094403299503,16,32,1139.6904296875,1386.0,0.017984867095947266,262144,1.0356954281448574,0.010362662541499403,0.03663548286562333,6121.870995154904,0.023390450585629035,0.006706690500217665,0.014013769771713942,0.00526129629601056,4.887943980516866,12243.741990309809,110.6514436883216,512,0.96875,0,4.0,1.7505549523574506,cold,0.01558137844029806,0.018109176055038922,9.562525158980861
0.982795657357201,512,0,90,D,0.0,0.0,0.0,0.0,0.0,0.019351675873622298,1,4.008484790101647,0.11371490283850749,1.0000000000000002,0.0,0.0322265625,0.9277996461765815,0.0722003538234185,0.0019107729734655387,0.2762492885072946,992,974,986,0.5028118391230503,0.05237865447998047,109846,9.62057407409884,15,32,1277.06884765625,1562.0,0.017984867095947266,262144,1.0356954281448574,0.010039246430399308,0.03644251375518346,6010.772044273802,0.023255633841106287,0.006105437352323884,0.013725999828970537,0.004927760642913416,4.625022788764909,12021.544088547604,109.64280226511727,512,0.96875,0,4.0,1.7505549523574506,cold,0.015362255041381936,0.017857340229161127,9.718990162014961
1.1782018416561186,1024,0,96,D,0.0,0.0,0.0,0.0,0.0,0.020725377835333347,0,4.928058623103425,0.11308684775860478,1.0000000000000002,0.0,0.0322265625,0.9280205948965332,0.07197940510346679,0.0018787223271732087,0.271615578298176,992,974,986,0.5028118391230503,0.05237865447998047,109846,10.990851421141997,16,32,1406.92041015625,1718.0,0.017984867095947266,262144,1.0356954281448574,0.009736245710601877,0.036418004355495345,5909.949428813923,0.023127679980889732,0.0057060375371045255,0.013450407674830007,0.00457918313091863,4.877524594310671,11819.898857627846,108.71935824694629,512,0.96875,0,4.0,1.7505549523574506,cold,0.015215530440607087,0.017638464022019892,11.094062586082146
0.45848376490175724,512,0,42,D,2.6824537759131895e-15,4.686836323358398e-16,2.8642011724615513e-12,1.3877787807814457e-13,0.0,0.02144857496023178,1,1.8676438417751342,0.11375370594417963,1.0000000000000002,0.0,0.0322265625,0.9277863827055539,0.07221361729444609,0.001911645785775978,0.27637547502087184,992,974,986,0.5028118391230503,0.05237865447998047,109846,4.500595507211983,7,32,1372.28564453125,1682.0,0.017984867095947266,262144,1.0356954281448574,0.010067458278974241,0.036454127436738266,6013.517674397495,0.023263135600900087,0.006129334380440556,0.013769618671500838,0.004955281671594409,2.171964109875262,12027.03534879499,109.66784099632395,512,0.96875,0,4.0,1.7505549523574506,warm,0.015372495521512621,0.017877849529257826,4.6001345969270915
1.18534255027771,1024,0,96,D,3.1241439193042334e-15,5.23691153334427e-16,3.2434284321004703e-12,1.3888890038060708e-13,2.7284841053187847e-12,0.020383136114105582,0,4.9190773935988545,0.11306748037912223,1.0000000000000002,0.0,0.0322265625,0.9278575215952893,0.07214247840471066,0.0018757454685014927,0.27118520006828256,992,974,986,0.5028118391230503,0.05237865447998047,109846,10.992365666199476,16,32,1502.24951171875,1782.0,0.017984867095947266,262144,1.0356954281448574,0.009697851038429663,0.03637582579797479,5900.5850411382635,0.023032478003172166,0.005657522385436689,0.013496511766253206,0.004516057935579805,4.882042777957395,11801.170082276527,108.63319051872004,512,0.96875,0,4.0,1.7505549523574506,warm,0.0151803420380053,0.017602166327599096,11.097010819008574
