appearance,camera_hits,center_of_mass_error_normalized,cone_power,depth_rmse_on_overlap,depth_tolerance,detector_seconds,edge_f1,emitted_photons,emitters,footprint,foreground_fraction,maximum_contributors_per_pixel,maximum_pixels_per_surface_sample,mean_pixels_per_responsive_surface_sample,name,occupied_pixels,operator_density,operator_nnz,packets_per_emitter,peak_allocated_mib,phase,pixel_mse,projected_surface_points,psnr,reduction,reference_foreground_fraction,resolution,runtime_seconds,scene_seconds,selection_score,shared_surface_build_seconds,silhouette_f1,silhouette_iou,silhouette_precision,silhouette_recall,ssim,surface_hits,surface_samples,surviving_packets,transport_nnz,view
shaded,,0.002147210642663523,,0.41622630460093785,0.0,,0.8410362914600394,,,gaussian,0.320892333984375,416,9,9.0,surface_accumulate_gaussian,,0.0001373291015625,1179648,,162.625,reduction,0.008203458113658395,131072,20.860030350443513,accumulate,0.3010406494140625,256,0.054063691990450025,,0.8726491870517824,,0.9680806693000319,0.9381359961959106,0.9381359961959106,1.0,0.8065163727760423,,131072,,,3
shaded,,0.002147210642663523,,0.5623127137105987,0.0,,0.8410362914600394,,,gaussian,0.320892333984375,1,4,1.0118360277136258,surface_dominant_gaussian,,2.448214218020439e-06,21030,,100.1259765625,reduction,0.011527986348051064,131072,19.38246546504407,dominant_weight,0.3010406494140625,256,0.01736556412652135,,0.8442526674137579,,0.9680806693000319,0.9381359961959106,0.9381359961959106,1.0,0.7253834595245437,,131072,,,3
shaded,,0.0005403557609121512,,0.18256594985419633,0.0,,0.8676277850589778,,,point,0.30621337890625,1,1,1.0,surface_hard_point_depth,,2.336222678422928e-06,20068,,18.3076171875,reduction,0.002312749656286105,131072,26.358713749153594,nearest_depth,0.3010406494140625,256,0.0034109579864889383,,0.9204501233359741,,0.988918762720808,0.9780804214921218,0.980566075343831,0.9974149728825586,0.8765382190077823,,131072,,,3
shaded,,0.0013864054961231496,,0.03794110547211732,0.0,,1.0,,,bilinear,0.3139495849609375,1,4,1.2630448127685698,surface_hard_bilinear_depth,,2.395245246589184e-06,20575,,44.62548828125,reduction,0.0032103240861379653,131072,24.93451122823552,nearest_depth,0.3010406494140625,256,0.0038524779956787825,,0.9464368244093815,,0.9790095275903137,0.9588821385176185,0.9588821385176185,1.0,0.8998281773612948,,131072,,,3
shaded,,0.002147210642663523,,0.04700134832952216,0.018,,0.8410362914600394,,,gaussian,0.320892333984375,24,9,5.5808023353152025,surface_hybrid_gaussian_depth,,3.026844933629036e-05,260004,,100.1259765625,reduction,0.00443214666361606,131072,23.533858768569562,hybrid_depth,0.3010406494140625,256,0.005336310947313905,,0.9023964567888901,,0.9680806693000319,0.9381359961959106,0.9381359961959106,1.0,0.8915085720249213,,131072,,,3
constant,,0.0013864054961231496,,0.03794110547211732,,,1.0,,,bilinear,0.3139495849609375,1,4,1.2630448127685698,appearance_constant,,2.395245246589184e-06,20575,,43.62548828125,appearance,0.0066919921875,131072,21.744445747221384,nearest_depth,0.3010406494140625,256,0.003327032085508108,,,,0.9790095275903137,0.9588821385176185,0.9588821385176185,1.0,0.9368665072014551,,131072,,,3
normal,,0.0013864054961231496,,0.03794110547211732,,,1.0,,,bilinear,0.3139495849609375,1,4,1.2630448127685698,appearance_normal,,2.395245246589184e-06,20575,,43.62548828125,appearance,0.005821723156633194,131072,22.349484506329045,nearest_depth,0.3010406494140625,256,0.0033674349542707205,,,,0.9790095275903137,0.9588821385176185,0.9588821385176185,1.0,0.9090224996640943,,131072,,,3
position,,0.0013864054961231496,,0.03794110547211732,,,1.0,,,bilinear,0.3139495849609375,1,4,1.2630448127685698,appearance_position,,2.395245246589184e-06,20575,,42.62548828125,appearance,0.003991264568853055,131072,23.988894831945117,nearest_depth,0.3010406494140625,256,0.003342436859384179,,,,0.9790095275903137,0.9588821385176185,0.9588821385176185,1.0,0.9388643838110434,,131072,,,3
shaded,,0.0013864054961231496,,0.03794110547211732,,,1.0,,,bilinear,0.3139495849609375,1,4,1.2630448127685698,appearance_shaded,,2.395245246589184e-06,20575,,43.3212890625,appearance,0.0032103240861379653,131072,24.93451122823552,nearest_depth,0.3010406494140625,256,0.0039772228337824345,,,,0.9790095275903137,0.9588821385176185,0.9588821385176185,1.0,0.8998281773612948,,131072,,,3
shaded,,0.0020934714224438876,,0.042666367034377976,,,0.9787545787545787,,,bilinear,0.2864990234375,1,4,1.2346133613887427,best_view_0,,2.185814082622528e-06,18776,,43.62548828125,multiview_best,0.0025158399287928796,131072,25.99316994488085,nearest_depth,0.2730560302734375,256,0.004051944008097053,,,,0.9759755665239563,0.953078397954836,0.953078397954836,1.0,0.8990795332868114,,131072,,,0
shaded,,0.003947024150005258,,0.05067063404320957,,,0.9788328725595893,,,bilinear,0.280242919921875,1,4,1.2481141692150866,best_view_1,,2.138083800673485e-06,18366,,42.62548828125,multiview_best,0.003833740988518977,131072,24.163772318483446,nearest_depth,0.26556396484375,256,0.00369410403072834,,,,0.9731059547106513,0.9476206032886856,0.9476206032886856,1.0,0.8885046672418095,,131072,,,1
shaded,,0.0010707572818943146,,0.049258077865794815,,,0.9940612151667428,,,bilinear,0.320953369140625,1,4,1.2621662166216623,best_view_2,,2.448679879307747e-06,21034,,42.62548828125,multiview_best,0.0038421045193855227,131072,24.154308249051006,nearest_depth,0.3079071044921875,256,0.0036728871054947376,,,,0.9792541188459952,0.959351526100599,0.959351526100599,1.0,0.8910116248679333,,131072,,,2
shaded,,0.0013864054961231496,,0.03794110547211732,,,1.0,,,bilinear,0.3139495849609375,1,4,1.2630448127685698,best_view_3,,2.395245246589184e-06,20575,,42.62548828125,multiview_best,0.0032103240861379653,131072,24.93451122823552,nearest_depth,0.3010406494140625,256,0.003608942963182926,,,,0.9790095275903137,0.9588821385176185,0.9588821385176185,1.0,0.8998281773612948,,131072,,,3
shaded,,0.001665003785982793,,0.06926010311838735,,,1.0,,,bilinear,0.2570037841796875,1,4,1.246152707901746,best_view_4,,1.960783265531063e-06,16843,,43.12548828125,multiview_best,0.0033100884461554543,131072,24.80160401642991,nearest_depth,0.24493408203125,256,0.003620490897446871,,,,0.9759537923696611,0.9530368699162857,0.9530368699162857,1.0,0.8981510811480503,,131072,,,4
shaded,,0.003769167324694561,,0.059779545530476166,,,0.9936395759717315,,,bilinear,0.2671661376953125,1,4,1.241156872474658,best_view_5,,2.0383158698678017e-06,17509,,43.62548828125,multiview_best,0.004080926135323458,131072,23.892412658765068,nearest_depth,0.2535552978515625,256,0.003622477874159813,,,,0.9738615718220711,0.9490547718316295,0.9490547718316295,1.0,0.8863895035225077,,131072,,,5
shaded,,0.0008632851761418722,,0.03707061958491033,,,0.9852982025524866,,,bilinear,0.3050384521484375,1,4,1.263094711568838,best_view_6,,2.327258698642254e-06,19991,,43.8212890625,multiview_best,0.003925238567085906,131066,24.0613394268424,nearest_depth,0.292572021484375,256,0.0037423279136419296,,,,0.9791395378526746,0.9591316092241509,0.9591316092241509,1.0,0.8915724776824705,,131072,,,6
shaded,,0.0027432242450299345,,0.0574359190109264,,,0.9871073598600374,,,bilinear,0.31903076171875,1,4,1.2730926140169274,best_view_7,,2.434011548757553e-06,20908,,44.12548828125,multiview_best,0.003373305345463017,131072,24.719443454850705,nearest_depth,0.3040313720703125,256,0.0034444930497556925,,,,0.9759263340925233,0.9529845035393151,0.9529845035393151,1.0,0.8764555625382323,,131072,,,7
position,11683,0.0027660113570732903,128.0,inf,,0.004874893929809332,0.09990352530754869,262144,8192,,0.46038818359375,,,,legacy_current_view_0,9972,,,32,64.197265625,legacy_current,0.08737867430175655,,10.58594548637658,,0.2730560302734375,256,1.0058269249275327,1.0009520309977233,,,0.4254894210164977,0.27023598742105126,0.3389235052366432,0.5714445375803296,0.011589447080062864,4861,,10882,39748,0
position,10302,0.09979648948652584,128.0,inf,,0.004688523011282086,0.09579050053702327,262144,8192,,0.439056396484375,,,,legacy_current_view_1,9281,,,32,64.197265625,legacy_current,0.08672006461865207,,10.618804071950613,,0.26556396484375,256,1.0056405540090054,1.0009520309977233,,,0.30495040928580713,0.17990648235684903,0.2447000764579134,0.4045621696161802,0.022182493735361783,4861,,10019,36899,1
position,16970,0.04592562558696122,128.0,inf,,0.0049565499648451805,0.09705446677732893,262144,8192,,0.589111328125,,,,legacy_current_view_2,14580,,,32,64.197265625,legacy_current,0.06521409662849607,,11.856585173624246,,0.3079071044921875,256,1.0059085809625685,1.0009520309977233,,,0.46231309643288476,0.30065489623434666,0.3519736842105263,0.6734228653550721,0.010016581485550692,4861,,16903,58124,2
position,21789,0.058203762537166026,128.0,inf,,0.005451855948194861,0.08951892566286483,262144,8192,,0.6759796142578125,,,,legacy_current_view_3,18200,,,32,64.197265625,legacy_current,0.106972970367687,,9.707259447736941,,0.3010406494140625,256,1.0064038869459182,1.0009520309977233,,,0.44341714821177575,0.28486575430429023,0.32044423376447484,0.7195499011607278,0.006406190664193849,4861,,21786,72448,3
position,19088,0.06591194380365764,128.0,inf,,0.004981525009498,0.08816920679339534,262144,8192,,0.6417694091796875,,,,legacy_current_view_4,16368,,,32,64.197265625,legacy_current,0.07283066148494899,,11.376857455454058,,0.24493408203125,256,1.0059335560072213,1.0009520309977233,,,0.3547349038908297,0.21560957242071793,0.2450605102356214,0.6421006728133566,0.013726454895993142,4861,,19088,65176,4
position,11651,0.08668399197939729,128.0,inf,,0.004690663889050484,0.10823509778367817,262144,8192,,0.4658660888671875,,,,legacy_current_view_5,10393,,,32,64.197265625,legacy_current,0.062009488155213704,,12.075418534342734,,0.2535552978515625,256,1.0056426948867738,1.0009520309977233,,,0.41295495036905067,0.26020367252024695,0.3188562444728309,0.5858458205452247,0.02995996956465168,4861,,11568,41393,5
position,13415,0.10118795085385388,128.0,inf,,0.004695751005783677,0.09028417313511379,262144,8192,,0.4970245361328125,,,,legacy_current_view_6,11758,,,32,64.197265625,legacy_current,0.08531712419077281,,10.689637918668595,,0.292572021484375,256,1.005647782003507,1.0009520309977233,,,0.32369026223742436,0.19309692889421748,0.25711478832161605,0.43678940231563573,0.02936130799069682,4861,,13326,46746,6
position,10771,0.02660883023521514,128.0,inf,,0.004684876184910536,0.11051415847919055,262144,8192,,0.4047393798828125,,,,legacy_current_view_7,9207,,,32,64.197265625,legacy_current,0.1078523707565614,,9.671703040136723,,0.3040313720703125,256,1.0056369071826339,1.0009520309977233,,,0.34497308934338,0.20843956501378844,0.3020546654099906,0.40210790464240903,0.05353797110999278,4861,,10611,36551,7
constant,21789,0.058203762537166026,128.0,inf,,0.005282613914459944,0.08951892566286483,262144,8192,,0.6759796142578125,,,,legacy_constant_appearance_control,18200,,,32,65.37646484375,appearance_control,0.15353364118446852,,8.137964502843602,,0.3010406494140625,256,1.008943720953539,1.003661107039079,,,0.44341714821177575,0.28486575430429023,0.32044423376447484,0.7195499011607278,0.004018777033522105,4861,,21786,72448,3
position,19992,0.045736480303895474,16.0,inf,,0.0061787639278918505,0.09546303338351615,262144,8192,,0.665374755859375,,,,legacy_spread_wide,17050,,,32,64.87646484375,directional_spread,0.10203923556339173,,9.912328036083501,,0.3010406494140625,256,1.0422716999892145,1.0360929360613227,,,0.455261703639378,0.2947176908295515,0.3306196394991515,0.730751685336307,0.006092036910591289,7399,,19885,67952,
position,21235,0.04489819507211107,128.0,inf,,0.004999527940526605,0.09505179032721606,262144,8192,,0.6855316162109375,,,,legacy_spread_medium,18026,,,32,64.87646484375,directional_spread,0.1069176373327303,,9.709506468542866,,0.3010406494140625,256,1.0528438459150493,1.0478443179745227,,,0.44333085869834205,0.2847945314362928,0.31900638814076165,0.7264433068072381,0.005911134924364005,6441,,21232,71789,
position,21705,0.04492445945686918,1024.0,inf,,0.0043491090182214975,0.09602139746749376,262144,8192,,0.6598358154296875,,,,legacy_spread_narrow,17988,,,32,64.87646484375,directional_spread,0.10931674301550748,,9.613133161621816,,0.3010406494140625,256,1.0254056530538946,1.0210565440356731,,,0.44041796353935087,0.28239486813970066,0.3206761788035058,0.7028739419129201,0.0077976053082511555,6241,,21705,68765,
shaded,,0.0013864054961231496,projection_limit,0.03794110547211732,0.0,,1.0,,,bilinear,0.3139495849609375,1,4,1.2630448127685698,deterministic_projection_limit,,2.395245246589184e-06,20575,,44.62548828125,directional_spread,0.0032103240861379653,131072,24.93451122823552,nearest_depth,0.3010406494140625,256,0.0038524779956787825,,0.9464368244093815,,0.9790095275903137,0.9588821385176185,0.9588821385176185,1.0,0.8998281773612948,,131072,,,3
shaded,,0.0010721630409359529,,0.16129404862937208,,,0.9292649098474342,,,bilinear,0.3124847412109375,1,4,1.959525404267534,surface_samples_32768,,9.536277502775192e-06,20479,,14.048828125,surface_sample_scaling,0.003384262376847861,32768,24.70535974120027,nearest_depth,0.3010406494140625,256,0.0023794719018042088,,,0.3627400321420282,0.9800039793076005,0.9607919633278065,0.9620586942721813,0.9986314562319428,0.8607460109814223,,32768,,,3
shaded,,0.0013864054961231496,,0.03794110547211732,,,1.0,,,bilinear,0.3139495849609375,1,4,1.2630448127685698,surface_samples_131072,,2.395245246589184e-06,20575,,42.62548828125,surface_sample_scaling,0.0032103240861379653,131072,24.93451122823552,nearest_depth,0.3010406494140625,256,0.0037324391305446625,,,0.46297942101955414,0.9790095275903137,0.9588821385176185,0.9588821385176185,1.0,0.8998281773612948,,131072,,,3
shaded,,0.0014745011894827433,,0.0399375872817178,,,1.0,,,bilinear,0.314422607421875,1,4,1.0979911546864176,surface_samples_524288,,5.997135303914547e-07,20606,,170.50048828125,surface_sample_scaling,0.0034538025528762038,524288,24.617024938233865,nearest_depth,0.3010406494140625,256,0.011678427923470736,,,1.469645770965144,0.9782570968141813,0.9574395807046492,0.9574395807046492,1.0,0.8899289560313153,,524288,,,3
shaded,,0.0013864054961231496,,0.03794110547211732,,,1.0,,,bilinear,0.3139495849609375,1,4,1.2630448127685698,resolution_256,,2.395245246589184e-06,20575,,42.62548828125,resolution_scaling,0.0032103240861379653,131072,24.93451122823552,nearest_depth,0.3010406494140625,256,0.003769197966903448,,,,0.9790095275903137,0.9588821385176185,0.9588821385176185,1.0,0.8998281773612948,,131072,,,3
shaded,,0.0005290925784542003,,0.18723219019070353,,,0.8008398320335933,,,bilinear,0.306396484375,1,4,1.9498931831423578,resolution_512,,2.337619662284851e-06,80320,,55.064453125,resolution_scaling,0.002273553807330322,131072,26.432947630554775,nearest_depth,0.3010063171386719,512,0.005716087995097041,,,,0.988977999962318,0.9781963200854754,0.9802788844621514,0.997832891885384,0.8549926998475875,,131072,,,3
position,5327,0.03897816127164375,128.0,inf,,0.003064599819481373,0.10540786031995052,65536,8192,,0.272430419921875,,,,legacy_photons_8,5130,,,8,44.96337890625,photon_scaling,0.10133658118213934,,9.94233751700936,,0.3010406494140625,256,0.28370902594178915,0.2806444261223078,,,0.3091823430806482,0.18285966071821988,0.32541727344012544,0.29449034416341424,0.04448087083063834,1596,,5326,20450,
position,21235,0.04489819507211107,128.0,inf,,0.004287485033273697,0.09505179032721606,262144,8192,,0.6855316162109375,,,,legacy_photons_32,18026,,,32,65.65087890625,photon_scaling,0.1069176373327303,,9.709506468542866,,0.3010406494140625,256,1.063691328978166,1.0594038439448923,,,0.44333085869834205,0.2847945314362928,0.31900638814076165,0.7264433068072381,0.005911134924364005,6441,,21232,71789,
position,85214,0.05879791918933274,128.0,inf,,0.011152334045618773,0.05207699715210792,1048576,8192,,0.969207763671875,,,,legacy_photons_128,46543,,,128,151.67529296875,photon_scaling,0.19159155647071965,,7.176236343961788,,0.3010406494140625,256,3.997287573060021,3.986135239014402,,,0.4663471356325153,0.30407606992919356,0.3055984130482698,0.9838815956206599,0.005703202096213915,25459,,85202,182620,
position,1294,0.03175306024489777,128.0,inf,,0.002963254926726222,0.09907083839104255,16384,2048,,0.075286865234375,,,,legacy_emitters_2048,1286,,,8,38.66650390625,emitter_scaling,0.10316490151141754,,9.864680320944718,,0.3010406494140625,256,0.0742591368034482,0.07129588187672198,,,0.13453351173823136,0.07211789254042775,0.33623834616943654,0.08408941152617974,0.29246879467221315,394,,1294,5138,
position,5256,0.03810330538756074,128.0,inf,,0.002759842900559306,0.10955667070551318,65536,8192,,0.267303466796875,,,,legacy_emitters_8192,5042,,,8,44.96337890625,emitter_scaling,0.10126002403557666,,9.945619738628944,,0.3010406494140625,256,0.25857186573557556,0.25581202283501625,,,0.3085349155636696,0.18240690771721532,0.3280054800776344,0.2912463885650565,0.042139379499284695,1622,,5256,20098,
position,20696,0.048146245634900275,128.0,inf,,0.004325343994423747,0.09305984302887671,262144,32768,,0.681121826171875,,,,legacy_emitters_32768,17639,,,8,65.65087890625,emitter_scaling,0.10684341628889632,,9.712522339818522,,0.3010406494140625,256,1.0217285749968141,1.0174032310023904,,,0.43969736044867713,0.2818026127130795,0.31701689143778844,0.7172689948806326,0.005800128251068882,6449,,20694,70332,
