active_after,active_before,active_dofs,batch_size,best_remaining_quadratic,birth_round,candidate_jacobian_nnz,cg_failures,coupling_candidates_before_pruning,coupling_rejections,fixed_k,image_loss,joint_to_independent_ratio,line_search_failures,median_affected_pixels,median_affected_views,method,near_null_candidate_fraction,nonfinite_candidate_score_count,normal_consistency,normal_error,normalized_rgb_mse,optimization_seconds,optimizer_steps,pairwise_max,pairwise_mean,peak_allocated_mib,peak_reserved_mib,point_to_surface_mean,point_to_surface_p95,predicted_joint_gain,predicted_quadratic_gain,predicted_raw_alignment,realized_gain,regional_ear_p2s_mean,regional_head_p2s_mean,regional_leg_p2s_mean,regional_torso_p2s_mean,relative_realized_gain,responsive_candidate_fraction,rgb_mae,rgb_psnr,rho_off,root_failures,round_optimization_seconds,round_scoring_seconds,scoring_seconds,selected_ids,silhouette_f1,silhouette_iou,surface_rms,symmetric_chamfer,target_point_rms,top10_error_region_fraction,top25_error_region_fraction,total_seconds
,,32,,,0,,0,,,,977.5290921939845,,0,,,observation_driven,,,0.9855171562903475,0.014482843709652471,0.0012429925183537604,1.711125017143786,5,,,829.240234375,934.0,0.0025648637342422995,0.0076128570499629416,,,,,0.0031427122431406823,0.001765430330932337,0.004451397440551143,0.0016265074015595635,,,0.00590299780461251,29.05531485394925,,0,,,0.0,,0.9923804259144059,0.9848760366439819,0.005477155371492723,0.005435596313979524,0.0029665189065254723,,,1.7930030620191246
64,32,64,32,3.0747313465110007,1,7384737,0,32,0,,958.2569018779872,0.8501829989305586,0,286.0,4.0,observation_driven,0.0,0,0.9856586414872667,0.014341358512733327,0.0012184866611200805,2.146660831058398,6,0.5799101779891099,0.008953697487614229,1314.22900390625,2130.0,0.002487326697160044,0.00721248730785567,22.752873150228737,26.76232432176305,7242.254316722783,19.272190315997364,0.0027908149350856708,0.0017653932032428354,0.004352759413389088,0.0016276424103283881,0.019715208958888886,1.0,0.005777325149496129,29.141792207128653,0.37709171516725765,0,0.43553581391461194,0.37591231311671436,0.37591231311671436,"[60, 199, 953, 111, 1070, 3014, 3065, 912, 118, 2375, 1127, 430, 208, 92, 59, 583, 241, 508, 72, 2440, 1928, 651, 2148, 120, 193, 161, 1936, 2798, 742, 97, 235, 1057]",0.9923804259144059,0.9848760366439819,0.005404887822213371,0.005370389617666593,0.00281757087933183,0.8125,0.875,2.778992591192946
96,64,96,32,0.37664659438868764,2,7381098,0,32,0,,940.5488140777446,0.8291716436309904,0,284.0,4.0,observation_driven,0.0,0,0.9858009104731713,0.01419908952682869,0.0011959696630830696,2.5015100711025298,7,0.7534089902140313,0.009579403818440824,1509.41796875,2130.0,0.002419647077681784,0.0067625746140216065,6.229718230923895,7.513182920298143,2493.102649530115,17.708087800242538,0.002479134885546861,0.0017672312944652247,0.004277656259080983,0.0016240426120813203,0.01847947848383697,1.0,0.005665399637299159,29.22279836503728,0.326873891473532,0,0.3548492400441319,0.34517433610744774,0.7210866492241621,"[823, 3879, 1017, 3428, 454, 3183, 505, 1966, 1291, 535, 1977, 201, 2763, 392, 967, 689, 2904, 983, 210, 2760, 877, 1214, 1782, 3092, 489, 1255, 4049, 2280, 902, 450, 2008, 1801]",0.9923804259144059,0.9848760366439819,0.005344761674056645,0.005312082479303924,0.002695890003757105,0.78125,0.875,3.6038359091617167
128,96,128,32,0.23620351950688345,3,7377848,0,32,0,,932.9881694059752,0.9393980930884755,0,282.0,4.0,observation_driven,0.0,0,0.9858951704191374,0.014104829580862566,0.0011863558062311494,2.8632421961519867,8,0.4849906058671765,0.0033919128919849702,1511.06494140625,2130.0,0.002399581047334107,0.006590485600028215,3.8430496493348576,4.090970247448551,1639.290241712301,7.56064467176941,0.002488672115100172,0.0017669418755204339,0.004214974570315591,0.0016111557741687477,0.008038545749678078,1.0,0.005614278184315914,29.25785039885465,0.12592472591484122,0,0.36173212504945695,0.343551262980327,1.0646379122044891,"[56, 200, 3887, 344, 2950, 637, 1502, 4025, 1661, 3383, 232, 350, 180, 677, 278, 1071, 559, 2951, 830, 1272, 2167, 1061, 148, 966, 696, 2845, 977, 103, 837, 798, 2169, 3759]",0.9923804259144059,0.9848760366439819,0.005317241239274729,0.005291893865721705,0.002643424980096389,0.625,0.84375,4.4323504969943315
160,128,160,32,0.19313052991703286,4,7376121,0,32,0,,928.0769350657046,0.9529478172379949,0,281.0,4.0,observation_driven,0.0,0,0.9859126450334234,0.014087354966576648,0.001180110848828258,3.2303200950846076,9,0.37031388584587493,0.002253224019393212,1511.06494140625,2130.0,0.002363030133536523,0.0062638115565935735,2.943427231641088,3.0887601381702714,1310.2309729369458,4.911234340270653,0.0023635164362686783,0.0017528682393998696,0.004207212908688148,0.001582639035968791,0.005263983511599712,1.0,0.005582294609979792,29.280771971231943,0.10865185401116718,0,0.3670778989326209,0.3422759820241481,1.4069138942286372,"[252, 1703, 216, 3075, 110, 75, 1000, 2007, 920, 2433, 2710, 782, 2347, 468, 437, 3234, 1831, 517, 79, 614, 1318, 1081, 536, 215, 552, 3059, 213, 848, 2026, 2588, 781, 3342]",0.9923804259144059,0.9848760366439819,0.005277260210758419,0.005260981734258196,0.0025599734868474505,0.40625,0.5,5.262688018148765
192,160,192,32,0.13788708148376896,5,7378789,0,32,0,,924.2267871533767,0.9508122235484812,0,281.0,4.0,observation_driven,0.0,0,0.9859414928666965,0.014058507133303477,0.001175215132590455,3.60406492324546,10,0.7514893072182958,0.0025297734824605775,1511.06494140625,2130.0,0.0023314197841407406,0.006185312940039359,2.3619994533306237,2.4841912996401305,1106.6269365583837,3.850147912327884,0.0022965032546092253,0.0017439575787987162,0.004178713787910676,0.0015550505342780273,0.004148522355051639,0.9999999403953552,0.005546926679785579,29.29882625013733,0.06707610046997713,0,0.3737448281608522,0.3418032908812165,1.7487171851098537,"[791, 390, 266, 565, 3726, 2600, 170, 1364, 799, 63, 1984, 3790, 1391, 2264, 239, 3416, 1711, 1062, 510, 2766, 1796, 1098, 1262, 1345, 214, 363, 1595, 3510, 1231, 1794, 3206, 1878]",0.9923804259144059,0.9848760366439819,0.005258381727299858,0.005238456361434421,0.0025257347419371176,0.625,0.8125,6.098002013051882
224,192,224,32,0.09402969705838438,6,7377323,0,32,0,,921.5593810870153,0.9914006375980023,0,279.0,4.0,observation_driven,0.0,0,0.9859598354515924,0.014040164548407619,0.0011718233503812349,3.981198336230591,11,0.4236561831603421,0.0013474319808156072,1511.06494140625,2130.0,0.002314931228784639,0.006088579257066104,2.0142026766781136,2.0316737757584957,803.516690976677,2.6674060663614227,0.002283792045443892,0.0017092922250657439,0.004150876143749441,0.0015476494979070475,0.0028860947371770595,0.9999999403953552,0.005518587512281435,29.311378522572586,0.1331016021364669,0,0.37713341298513114,0.3428175400476903,2.091534725157544,"[3025, 2118, 913, 2392, 2030, 704, 2446, 1508, 601, 3543, 1983, 374, 795, 486, 2065, 547, 1809, 348, 365, 1832, 3892, 1242, 2061, 713, 3624, 440, 343, 2059, 515, 3105, 3335, 2073]",0.9923804259144059,0.9848760366439819,0.005242823616570663,0.005225625706169962,0.0024979129831706457,0.5625,0.6875,6.939537951024249
256,224,256,32,0.09571653101649569,7,7380577,0,32,0,,919.1368147699777,0.9867505198672939,0,279.0,4.0,observation_driven,0.0,0,0.9859685786266736,0.014031421373326358,0.0011687428980127687,4.36253746622242,12,0.07145148606494924,0.0007511445957151233,1512.48388671875,2130.0,0.0022977019888102846,0.006024674350056185,1.6936789468937823,1.716420627902544,779.6654253226533,2.4225663170375356,0.002221785808089928,0.0017066309901735497,0.004122288931306782,0.0015467831773798744,0.0026287685490000916,0.9999999403953552,0.005483594912276452,29.322810151467937,0.03370210264510774,0,0.3813391299918294,0.346109185134992,2.437643910292536,"[1467, 1872, 1846, 321, 1972, 1196, 532, 345, 1942, 1138, 1294, 756, 1899, 1785, 870, 335, 188, 2635, 2050, 1844, 129, 2870, 588, 539, 431, 78, 662, 1241, 3748, 342, 1457, 1479]",0.9923804259144059,0.9848760366439819,0.005236795416386348,0.005213215725367971,0.002474227556456336,0.375,0.625,7.78931686305441
320,256,320,64,0.05487565572009287,8,7380181,0,64,0,,916.2838384747114,0.9825958855167806,0,278.0,4.0,observation_driven,0.0,0,0.9859756061118936,0.01402439388810639,0.001165115151055287,4.757250073365867,13,0.5367662944057148,0.0007912945832416303,1512.48388671875,2130.0,0.002263735448955068,0.005943729950667804,2.6024152671500294,2.6485102426226126,1404.3993263458203,2.8529762952663305,0.0021961689387144,0.0016678070134959356,0.00406897284557405,0.0015211613967456893,0.0031039734775288198,1.0,0.005442157459711305,29.33631150177414,0.07010935506612768,0,0.3947126071434468,0.34627683414146304,2.783920744433999,"[904, 993, 1383, 480, 3058, 324, 3004, 1949, 653, 396, 776, 3461, 318, 474, 2681, 2981, 1695, 925, 1400, 123, 1076, 592, 2743, 770, 873, 3983, 2312, 943, 3124, 420, 4023, 172, 987, 38, 2054, 1957, 230, 2494, 329, 313, 649, 1454, 464, 3546, 3184, 115, 407, 206, 1929, 2777, 1325, 875, 1084, 323, 234, 907, 3880, 1683, 292, 185, 2458, 42, 765, 1085]",0.9923804259144059,0.9848760366439819,0.005219344634596824,0.00519015411918276,0.002441055326879859,0.25,0.625,8.657314669108018
384,320,384,64,0.07302721128757657,9,7379946,0,64,0,,913.8349260612113,0.9553633112454659,0,276.0,4.0,observation_driven,0.0,0,0.9859770771226136,0.014022922877386379,0.0011620011978927755,5.163627858273685,14,0.8414153526901565,0.0011288214023710684,1512.48388671875,2130.0,0.0022358283289175595,0.0058249179213452395,2.154726258980242,2.255399839639245,1214.107047511995,2.448912413500125,0.002175577305658131,0.001612817870349992,0.00402594248492429,0.0015053529037081124,0.00267265699848717,1.0,0.00539699889823634,29.347934242366055,0.09521518633602644,0,0.40637778490781784,0.3440452888607979,3.127966033294797,"[3191, 1616, 246, 2116, 578, 2219, 3664, 498, 1441, 2607, 1004, 1067, 573, 3828, 138, 3993, 2991, 1407, 1469, 294, 1088, 2830, 1522, 2756, 1978, 812, 1346, 1044, 2100, 4078, 1399, 95, 3484, 369, 1488, 927, 3043, 3756, 2307, 1129, 2029, 2526, 725, 918, 52, 2449, 1996, 738, 726, 1885, 1170, 3414, 1385, 3860, 2033, 841, 2832, 2615, 996, 2507, 829, 1416, 1925, 3074]",0.9923804259144059,0.9848760366439819,0.005201513235797177,0.0051700496149476895,0.0024046305217768653,0.296875,0.65625,9.536618039011955
448,384,448,64,0.053849676116006384,10,7380504,0,64,0,,911.7401172785748,0.9880830542405818,0,275.0,4.0,observation_driven,0.0,0,0.9859609769669458,0.014039023033054154,0.0011593375107810653,5.576174691086635,15,0.31056571666850535,0.0005009459591600152,1512.48388671875,2130.0,0.0022142664367379213,0.005734616684754822,1.8058181613310538,1.8275975421104298,1035.7922633099797,2.0948087826365054,0.0022098580886244596,0.0015987713326390466,0.003984361348885506,0.001474249480792782,0.0022923273371324277,1.0,0.005365386703018088,29.357901121542657,0.05353756514223517,0,0.41254683281295,0.3478668271563947,3.4758328604511917,"[3193, 822, 106, 1993, 1378, 3313, 807, 178, 1090, 2731, 1474, 2913, 1256, 605, 1006, 1005, 1324, 1462, 2978, 2990, 949, 1659, 2162, 766, 789, 1412, 3270, 3306, 3441, 1779, 954, 4043, 2524, 1737, 1549, 3329, 1439, 130, 3957, 579, 778, 3223, 1708, 838, 4017, 797, 495, 1673, 861, 2265, 2651, 3287, 253, 1510, 531, 3606, 935, 2719, 1693, 513, 2537, 425, 1807, 1489]",0.9923804259144059,0.9848760366439819,0.005187313896064183,0.005153472482562948,0.0023784783985847215,0.421875,0.5625,10.424340785015374
512,448,512,64,0.0349190856586019,11,7380736,0,64,0,,909.6412710857686,0.9671354863192353,0,274.0,4.0,observation_driven,0.0,0,0.9859976275199291,0.014002372480070857,0.0011566686898368437,5.994135612156242,16,0.5536377509207736,0.0012874090865192124,1512.48388671875,2130.0,0.0021818181633745898,0.005565999864078206,1.494614027697494,1.5454029438892358,1015.2042831987249,2.0988461928061497,0.0021728811435508216,0.00157132457722408,0.003936530920026317,0.001449773612731247,0.002302022421774016,1.0,0.005327477576564277,29.367910202882626,0.17686548299569366,0,0.41796092106960714,0.34503517602570355,3.820868036476895,"[453, 1207, 135, 1428, 973, 1494, 986, 1002, 338, 2084, 1862, 386, 1368, 1442, 67, 2034, 177, 3572, 921, 1569, 2105, 2727, 787, 1253, 3087, 3970, 956, 3320, 1618, 733, 1054, 1309, 3536, 203, 211, 2546, 2011, 1642, 1804, 2737, 3614, 1629, 2945, 2676, 878, 1944, 2697, 1358, 1593, 1178, 2240, 3776, 772, 457, 1490, 3803, 4004, 780, 591, 114, 3220, 1757, 2955, 4056]",0.9923804259144059,0.9848760366439819,0.005166132700866112,0.005130693291538762,0.002331566214308678,0.1875,0.515625,11.317834428045899
640,512,640,128,0.059397960892254374,12,7381602,0,128,0,,907.0709907467624,0.9639423469949453,0,273.0,4.0,observation_driven,0.0,0,0.9860070060574799,0.013992993942520071,0.001153400409376478,6.430402304977179,17,0.5771543492419979,0.0006416537518411663,1512.48388671875,2130.0,0.002141946485197305,0.00548819738998011,2.4364163007158064,2.5275539645200196,1742.710317557954,2.570280339006217,0.0021707039025265305,0.0014806009207179408,0.0038844201642107513,0.0014168138876593894,0.0028255977611243077,1.0,0.005270478442193146,29.380198987809273,0.15480713415607328,0,0.43626669282093644,0.34889967390336096,4.169767710380256,"[471, 611, 717, 1394, 3475, 2198, 1867, 446, 1166, 3434, 1565, 1011, 2539, 264, 1483, 73, 1366, 435, 2371, 3932, 314, 3816, 1948, 4040, 3344, 691, 3430, 3019, 640, 1945, 183, 688, 2512, 2282, 3842, 352, 3764, 3938, 2318, 377, 1537, 2486, 3859, 2133, 2163, 1148, 315, 2112, 847, 1677, 1783, 1541, 1991, 1199, 1115, 3211, 597, 2628, 3846, 639, 844, 814, 3712, 2961, 4031, 1787, 3218, 1143, 840, 2958, 3209, 149, 2506, 62, 2720, 491, 3030, 445, 1753, 1509, 3907, 758, 499, 2259, 2518, 1028, 2224, 2416, 256, 3750, 1876, 455, 1985, 2249, 1598, 1883, 657, 3980, 1997, 2305, 2156, 410, 179, 282, 534, 1706, 2223, 1641, 2385, 61, 2147, 684, 1240, 3459, 971, 2626, 1788, 2311, 898, 500, 2881, 1089, 936, 3709, 2435, 39, 1553, 690]",0.9923804259144059,0.9848760366439819,0.005149589917404583,0.005104382765029888,0.002298054112369539,0.1953125,0.5390625,12.244634773116559
768,640,768,128,0.028073099760244385,13,7382547,0,128,0,,904.7602935313608,0.9760917565040077,0,271.0,4.0,observation_driven,0.0,0,0.9860111809050298,0.013988819094970184,0.0011504622059267183,6.879056232981384,18,0.6039162507906952,0.0005097973563407567,1512.48388671875,2130.0,0.002089166656371849,0.005315254244307904,1.8398855930161102,1.8849514717815936,1403.913019316626,2.3106972154015466,0.002054402686940922,0.0014264295693483793,0.003848398309529902,0.0013761386917319814,0.002547427091124614,1.0,0.005206419317535585,29.391276438593778,0.10477127730887309,0,0.4486539280042052,0.34450248605571687,4.514270196435973,"[2037, 354, 275, 1375, 3513, 83, 333, 1398, 628, 743, 3070, 2966, 4068, 2497, 1576, 893, 2691, 727, 1513, 1639, 1158, 544, 501, 1774, 724, 1186, 1470, 944, 2617, 509, 4059, 2925, 3941, 2329, 4002, 1451, 2129, 316, 527, 1665, 1888, 4091, 1444, 1682, 1216, 2609, 3101, 3530, 1611, 2128, 836, 3348, 871, 1316, 4036, 1658, 1981, 2839, 785, 2366, 2645, 2598, 2422, 908, 306, 950, 638, 1632, 1124, 2885, 2110, 2753, 2251, 702, 2822, 747, 892, 472, 1091, 2348, 1100, 1027, 189, 718, 2415, 608, 1951, 1370, 731, 2972, 444, 3872, 2369, 2235, 141, 3645, 328, 89, 1092, 843, 1307, 1728, 3910, 2864, 2471, 1238, 3251, 3794, 1387, 3247, 262, 2439, 2764, 2107, 1278, 1685, 2000, 3997, 2114, 3061, 4054, 3884, 303, 443, 1803, 958, 1543, 3011]",0.9923804259144059,0.9848760366439819,0.005118991070493502,0.005068860045930201,0.0022318372515588367,0.1484375,0.4296875,13.179360097041354
896,768,896,128,0.017305376283802222,14,7382200,0,128,0,,902.9723686779041,0.9882818780099987,0,270.0,4.0,observation_driven,0.0,0,0.9860354700893024,0.013964529910697632,0.0011481887419101768,7.427633496001363,19,0.6364511744240124,0.00040309848152869686,1512.48388671875,2130.0,0.0020756377752114237,0.005297279737476737,1.4343957342262068,1.451403456991948,1320.3103401065798,1.7879248534567296,0.0020707299789609417,0.0014125452025637857,0.0038373725913143928,0.0013519221162238057,0.001976130988770847,1.0,0.005175241059089172,29.39986715742443,0.12940453931567222,0,0.548577263019979,0.34556237678043544,4.8598325732164085,"[752, 107, 205, 257, 1217, 1805, 598, 786, 171, 740, 1511, 1527, 506, 708, 1710, 4026, 254, 2009, 660, 3650, 99, 2738, 2395, 3673, 2466, 2284, 860, 1548, 3732, 3229, 3934, 3538, 2550, 926, 385, 2985, 1393, 3714, 790, 2394, 1188, 2454, 34, 960, 383, 1080, 3616, 3950, 769, 3867, 1810, 3935, 2723, 336, 3033, 2516, 1110, 3793, 1478, 228, 3612, 3142, 802, 1455, 3405, 2099, 460, 1610, 3575, 1045, 2035, 2621, 589, 1334, 1219, 1194, 577, 1652, 1321, 2419, 3689, 1965, 3618, 3001, 1572, 2345, 1995, 359, 2179, 2308, 3725, 191, 3455, 334, 1497, 3352, 1726, 1330, 1776, 641, 982, 746, 3552, 2153, 678, 1839, 768, 630, 3561, 2969, 564, 3146, 3294, 3024, 1581, 3858, 3366, 1602, 1353, 2067, 341, 479, 3681, 1668, 682, 736, 1163, 2641]",0.9923804259144059,0.9848760366439819,0.005114350466244364,0.005060335527253736,0.002224263613765161,0.1171875,0.34375,14.213264518184587
1024,896,1024,128,0.01379655609530646,15,7382510,0,128,0,,902.442561431968,0.9954103216659548,0,269.0,4.0,observation_driven,0.0,0,0.9860308799281037,0.013969120071896324,0.0011475150571593831,8.160129121970385,20,0.5655805772704825,0.0003961272929539151,1513.63330078125,2130.0,0.002070040106208382,0.0052744659236929545,1.112755910345169,1.1178866504848175,1065.4220203930936,0.5298072459361265,0.0020761816981615996,0.0014035735742490524,0.0038290925887224598,0.0013450062019682346,0.000586736941587536,1.0,0.005163155445289028,29.402416071429187,0.08702591909294717,0,0.7324956259690225,0.34638231596909463,5.206214889185503,"[162, 65, 3028, 2335, 287, 397, 409, 3810, 2631, 371, 104, 2528, 2794, 1849, 1086, 238, 1724, 2633, 1697, 2688, 519, 730, 35, 1417, 1650, 1136, 587, 3549, 145, 3921, 2106, 284, 1436, 3168, 2534, 1798, 3187, 646, 2701, 557, 2936, 2877, 1059, 3222, 1892, 1974, 3377, 1419, 3421, 2780, 1587, 2686, 764, 716, 3076, 1743, 3324, 151, 1144, 3489, 3763, 1700, 1410, 1582, 3393, 2911, 3133, 4082, 4044, 2241, 3104, 85, 1773, 3628, 2751, 2057, 3325, 3085, 1147, 3373, 3952, 2258, 645, 2994, 3180, 3035, 1521, 2270, 694, 478, 3587, 4007, 951, 3995, 1578, 2813, 1404, 1790, 2214, 1842, 357, 3432, 483, 2704, 4083, 964, 952, 1009, 3517, 2417, 1053, 3337, 3433, 2754, 3156, 1396, 2468, 2567, 1032, 1021, 3022, 1523, 3716, 3308, 317, 4087, 2062, 3090]",0.9923804259144059,0.9848760366439819,0.005111760689715165,0.005056583083403083,0.0022186644725098537,0.1328125,0.328125,15.432719798991457
1152,1024,1152,128,0.008220415413835894,16,7383073,0,128,0,,902.3593376126462,0.997370150194907,0,269.0,4.0,observation_driven,0.0,0,0.9860143727636057,0.013985627236394294,0.0011474092326007159,9.158770769834518,21,0.2129251071121195,0.00027740566089172117,1513.63330078125,2130.0,0.002069002712402912,0.005273697915093619,0.896901768170685,0.8992667045383418,999.2908614440321,0.08322381932180178,0.002076491325271233,0.001402159472205915,0.0038277592505033633,0.0013437837291013794,9.222062752641541e-05,1.0,0.005161051698825521,29.402816598994445,0.05132542129723866,0,0.9986416478641331,0.34477896406315267,5.550993853248656,"[2659, 712, 1177, 2097, 1615, 1657, 160, 1233, 3648, 4055, 3593, 3118, 1725, 3825, 2604, 1464, 1415, 3792, 955, 988, 1447, 1055, 1858, 426, 490, 190, 3926, 277, 537, 1310, 3298, 51, 811, 1050, 1153, 2594, 3855, 2340, 2461, 1154, 2593, 3265, 57, 1289, 1022, 209, 857, 3886, 1881, 2589, 236, 1329, 1973, 225, 968, 1775, 3358, 2949, 3760, 1094, 734, 1975, 2761, 66, 3504, 1690, 2783, 3264, 2953, 3115, 3707, 3904, 1933, 1715, 428, 1627, 2895, 889, 469, 963, 3965, 2509, 4081, 4032, 2971, 3769, 3853, 3894, 1830, 522, 516, 3745, 3225, 4079, 1284, 3972, 804, 1424, 3775, 3323, 3661, 3903, 661, 3542, 2582, 327, 2828, 229, 3643, 590, 2667, 3457, 1701, 1435, 2465, 1423, 749, 2158, 2887, 2032, 1492, 1890, 1834, 2934, 1304, 2039, 540, 2554]",0.9923804259144059,0.9848760366439819,0.00511136191467426,0.005055915237621826,0.0022177439811031006,0.0625,0.25,16.919071835000068
1280,1152,1280,128,0.006404775548680671,17,7382981,0,128,0,,902.1557262257061,0.9817832274337654,0,269.0,4.0,observation_driven,0.0,0,0.9860239213787303,0.013976078621269705,0.0011471503273337124,10.100522480905056,22,0.7846471461882598,0.00044882885767809236,1513.63330078125,2130.0,0.0020663405604944033,0.00527511032706154,0.7226644060124858,0.736073285649239,898.6303742509167,0.2036113869401106,0.002076739546855875,0.0013982931767607266,0.0038244263993991033,0.0013408351884965635,0.00022564335343257057,1.0,0.005155509398808242,29.403796666204165,0.09797652989319716,0,0.9417517110705376,0.3464913519565016,5.897485205205157,"[3132, 416, 1484, 3390, 3077, 98, 1969, 1120, 3290, 604, 1988, 556, 2278, 3108, 2370, 643, 2350, 96, 2852, 3401, 3255, 3856, 1041, 3394, 815, 1465, 3824, 380, 2611, 1023, 821, 978, 2336, 1293, 100, 1246, 1691, 666, 2109, 2903, 965, 900, 3590, 2562, 2228, 300, 1485, 1778, 803, 1377, 3144, 2338, 561, 3902, 1956, 2257, 2209, 650, 685, 794, 3807, 1916, 2043, 1617, 2536, 3752, 1422, 636, 2566, 1105, 2121, 2662, 2135, 69, 961, 406, 2788, 618, 1269, 3947, 1640, 182, 192, 1260, 3585, 2886, 586, 1433, 1515, 3068, 274, 1684, 767, 1584, 2673, 1503, 433, 2174, 373, 705, 4028, 2384, 3346, 305, 312, 3820, 3987, 2623, 1759, 2358, 487, 728, 382, 461, 4048, 3336, 388, 243, 2975, 3300, 2601, 801, 2036, 1749, 1171, 310, 1427, 3267]",0.9923804259144059,0.9848760366439819,0.005110308743782423,0.005054206040399583,0.0022154287261934337,0.0703125,0.2578125,18.353579139104113
1408,1280,1408,128,0.005319035596199186,18,7382871,0,128,0,,902.1557262257061,0.9909685686344695,1,267.0,4.0,observation_driven,0.0,0,0.9860239213787303,0.013976078621269705,0.0011471503273337124,11.401787656825036,23,0.6555606062284975,0.0005074427318555325,1516.02197265625,2130.0,0.0020663405604944033,0.00527511032706154,0.6058815032493484,0.6114033506473756,807.5922181698072,0.0,0.002076739546855875,0.0013982931767607266,0.0038244263993991033,0.0013408351884965635,0.0,1.0,0.005155509398808242,29.403796666204165,0.12070941343343382,0,1.3012651759199798,0.34769961703568697,6.245184822240844,"[1982, 270, 2470, 1234, 1322, 783, 3410, 260, 2222, 3067, 272, 330, 1671, 615, 1227, 2924, 217, 1477, 1519, 862, 3777, 3399, 1544, 1512, 625, 102, 3796, 226, 276, 1328, 1244, 709, 3371, 2771, 349, 2277, 3219, 3483, 2992, 1135, 1869, 1622, 1150, 2443, 2545, 2880, 700, 1998, 1811, 3330, 603, 560, 1534, 3778, 1448, 1167, 1720, 810, 1372, 1860, 3252, 2399, 1823, 1707, 1181, 405, 981, 2993, 2510, 299, 1359, 4035, 3166, 395, 2298, 2846, 1927, 2193, 3521, 449, 1429, 2866, 3201, 832, 2974, 1637, 502, 3863, 2023, 1406, 1108, 1689, 1664, 2397, 320, 3533, 2558, 362, 3595, 617, 623, 1173, 895, 1819, 2493, 90, 2117, 669, 485, 3653, 3544, 1458, 2677, 1812, 2655, 2315, 3177, 2592, 805, 3506, 1303, 2431, 1204, 909, 2066, 1438, 1560, 2349]",0.9923804259144059,0.9848760366439819,0.005110308743782423,0.005054206040399583,0.002215428726193434,0.0625,0.21875,20.14744977816008
1536,1408,1536,128,0.004384949001431831,19,7382871,0,128,0,,902.155726225706,0.9947215432573409,2,266.0,4.0,observation_driven,0.0,0,0.9860239213787303,0.013976078621269705,0.0011471503273337122,12.70697500789538,24,0.5160197386616524,0.0002880173060896285,1516.02197265625,2130.0,0.0020663405604944033,0.00527511032706154,0.513325882189399,0.5160498288882422,737.4410557611768,1.1368683772161603e-13,0.002076739546855875,0.0013982931767607266,0.0038244263993991033,0.0013408351884965635,1.260168665084472e-16,1.0,0.005155509398808241,29.403796666204165,0.05425318654594827,0,1.3051873510703444,0.34998747566714883,6.595172297907993,"[2909, 673, 773, 3486, 1545, 946, 1251, 674, 1352, 916, 1954, 3029, 1128, 3089, 3057, 1155, 2491, 1060, 3469, 2729, 2984, 2899, 1218, 521, 4070, 2999, 2407, 852, 697, 381, 3479, 1666, 849, 2477, 1559, 2695, 2581, 1750, 2150, 184, 3568, 2368, 2692, 3524, 1018, 1340, 613, 3143, 1660, 3601, 432, 1426, 2088, 1583, 356, 159, 384, 2718, 1702, 1235, 658, 3515, 1600, 2983, 3046, 761, 3050, 546, 3634, 942, 3172, 1193, 3110, 2602, 3996, 980, 1450, 635, 2826, 1069, 574, 3317, 2028, 1082, 2263, 2817, 1688, 3642, 44, 1590, 427, 1096, 3574, 1259, 806, 1336, 3597, 585, 1335, 50, 1208, 1938, 1873, 3241, 1146, 4039, 2390, 1388, 493, 3217, 1016, 580, 3470, 279, 307, 1420, 429, 720, 1403, 2874, 2921, 3415, 2717, 999, 2022, 1747, 3797, 140]",0.9923804259144059,0.9848760366439819,0.005110308743782423,0.005054206040399583,0.002215428726193434,0.0625,0.234375,21.945002668071538
1664,1536,1664,128,0.0037178095250400443,20,7382871,0,128,0,,902.155726225706,1.0106110196482352,3,265.0,4.0,observation_driven,0.0,0,0.9860239213787303,0.013976078621269705,0.0011471503273337122,14.038501954870299,25,0.4569822184475603,0.00027918966307736575,1517.4609375,2130.0,0.0020663405604944033,0.00527511032706154,0.44615052707149017,0.4414661213834601,675.5967923699056,0.0,0.002076739546855875,0.0013982931767607266,0.0038244263993991033,0.0013408351884965635,0.0,1.0,0.005155509398808242,29.403796666204165,0.10429981613637834,0,1.3315269469749182,0.34905487298965454,6.944227170897648,"[76, 2281, 398, 3754, 890, 41, 541, 701, 2467, 3798, 1020, 2019, 1907, 3232, 2104, 2111, 1612, 3204, 3490, 1874, 3460, 3928, 683, 1033, 2755, 1029, 819, 676, 3991, 3427, 3975, 1015, 748, 3321, 4041, 924, 3403, 3954, 2002, 2636, 703, 3704, 2250, 3088, 884, 1504, 3703, 2482, 3548, 2915, 1833, 2154, 2658, 109, 1357, 2563, 3212, 2316, 3865, 3005, 850, 2661, 813, 1530, 3520, 268, 2964, 2094, 128, 2835, 4052, 3188, 2288, 3901, 2579, 1841, 3036, 2663, 2906, 3279, 1674, 2302, 1282, 1261, 1604, 1861, 2351, 1904, 2304, 3487, 2027, 934, 969, 2212, 2891, 1935, 286, 4003, 2473, 2191, 108, 3774, 3827, 4053, 2765, 2186, 2684, 1281, 3831, 1111, 928, 1824, 233, 2523, 1182, 917, 442, 1010, 1397, 194, 2122, 1588, 2146, 1656, 2402, 174, 54, 3658]",0.9923804259144059,0.9848760366439819,0.005110308743782423,0.005054206040399583,0.0022154287261934337,0.046875,0.1953125,23.774841968202963
,,32,,,0,,0,,,,977.5290921939675,,0,,,uniform_matched,,,0.9855171562903475,0.014482843709652471,0.0012429925183537387,1.7552568390965462,5,,,929.77734375,1048.0,0.0025648637342422995,0.0076128570499629416,,,,,0.0031427122431406823,0.001765430330932337,0.004451397440551143,0.0016265074015595635,,,0.0059029978046145,29.055314853949326,,0,,,0.0,,0.9923804259144059,0.9848760366439819,0.005477155371492723,0.005435596313979524,0.002966518906547417,,,1.8379859919659793
,,64,32,,1,,0,,,,971.2293947356933,,0,,,uniform_matched,,,0.985679662116814,0.014320337883185985,0.0012349820387976243,2.1621276300866157,1,,,946.4970703125,1180.0,0.002516375470146566,0.0074418606788713825,,,,6.299697458274181,0.003058520781063831,0.0017252327299841774,0.004367724795881427,0.0016051163261688293,,,0.005851067589949641,29.08339358604966,,0,,,0.0,,0.9923804259144059,0.9848760366439819,0.005446238402304706,0.0053966716659156165,0.002897749686599203,,,2.365641637938097
,,96,32,,2,,0,,,,966.8090082559463,,0,,,uniform_matched,,,0.9857258881949069,0.014274111805093082,0.0012293612267251922,2.594593025976792,1,,,994.71142578125,1260.0,0.0024944071282377465,0.007274663191080423,,,,4.4203864797469805,0.00308086596792016,0.001684301719620277,0.004286524871056047,0.0016037430464791306,,,0.005811682304293311,29.10320488372179,,0,,,0.0,,0.9923804259144059,0.9848760366439819,0.005435411726352445,0.005377530113925225,0.0028617089411411122,,,2.9184333980083466
,,128,32,,3,,0,,,,961.6950196721202,,0,,,uniform_matched,,,0.9857384476645614,0.014261552335438576,0.0012228584539694725,3.055688102962449,1,,,1044.2724609375,1350.0,0.002462198346831482,0.007088363644245859,,,,5.113988583826085,0.002908984517412956,0.0016538052536749883,0.004294135011350105,0.0015954529196786661,,,0.005772701072299891,29.12623809699275,,0,,,0.0,,0.9923804259144059,0.9848760366439819,0.005399807491449045,0.005349610363807272,0.002794105362155267,,,3.5021181779447943
,,160,32,,4,,0,,,,960.8856058231964,,0,,,uniform_matched,,,0.9857631218512639,0.014236878148736087,0.0012218292310373898,3.5346115110442042,1,,,1068.7392578125,1444.0,0.0024554937246512956,0.007027772261358101,,,,0.8094138489237821,0.0028621771710467324,0.0016416480290269253,0.004320327802769352,0.001586244853676521,,,0.005765271302579865,29.129894890203612,,0,,,0.0,,0.9923804259144059,0.9848760366439819,0.005398386228836094,0.005344925179101152,0.0027893503831183534,,,4.103795465780422
,,192,32,,5,,0,,,,959.5980322550902,,0,,,uniform_matched,,,0.9857793344299188,0.01422066557008117,0.0012201919965808743,4.028044663136825,1,,,1098.7861328125,1544.0,0.0024367734694344533,0.006984627446522291,,,,1.2875735681062679,0.0028236812663041512,0.0016429942618205275,0.004321403375819857,0.0015587870904061531,,,0.005744839231902951,29.135718279357977,,0,,,0.0,,0.9923804259144059,0.9848760366439819,0.0053920976117932595,0.005332587346557696,0.0027769558235317903,,,4.719450783915818
,,224,32,,6,,0,,,,954.924782078394,,0,,,uniform_matched,,,0.9858210262497331,0.014178973750266888,0.0012142496516906662,4.546569462167099,1,,,1119.0283203125,1650.0,0.0024093613552076476,0.006828556159498411,,,,4.673250176696229,0.0027716309112070774,0.0016316408655769844,0.00428101006335124,0.001541770990588777,,,0.005710736877155018,29.156920124329318,,0,,,0.0,,0.9923804259144059,0.9848760366439819,0.00536755270585326,0.005307774247906943,0.002725762542617905,,,5.363549388945103
,,256,32,,7,,0,,,,953.2359794051064,,0,,,uniform_matched,,,0.9858457752640168,0.014154224735983156,0.0012121022280440093,5.059775438159704,1,,,1149.88720703125,1760.0,0.002381139273755255,0.00672866565690125,,,,1.6888026732875687,0.002710087870772671,0.0016352144847408242,0.004232744778873496,0.0015263445614268187,,,0.005690386922451927,29.164607504641683,,0,,,0.0,,0.9923804259144059,0.9848760366439819,0.005350921990190208,0.005287031081043217,0.0026918848330676187,,,5.997737627942115
,,320,64,,8,,0,,,,952.1599653876453,,0,,,uniform_matched,,,0.9858606939336079,0.014139306066392132,0.0012107340054672818,5.5980051890946925,1,,,1172.27392578125,1876.0,0.0023669360445196675,0.006670961579737022,,,,1.0760140174610342,0.0026782124202463283,0.0016355709297490946,0.0042113422145905145,0.0015177686109082442,,,0.005668998825895774,29.169512595378198,,0,,,0.0,,0.9923804259144059,0.9848760366439819,0.005342802432355899,0.005276376926303367,0.002674055599935705,,,6.660429102834314
,,384,64,,9,,0,,,,950.4086210012655,,0,,,uniform_matched,,,0.9858429470191037,0.014157052980896312,0.0012085070559199847,6.147398384986445,1,,,1197.16455078125,1996.0,0.0023438365473684077,0.006532666354252583,,,,1.7513443863798557,0.002633298273458875,0.001595177621031803,0.0041786484451114825,0.0015107999340266502,,,0.005636775383844078,29.177508096020752,,0,,,0.0,,0.9923804259144059,0.9848760366439819,0.00532577072965089,0.005259387690805198,0.002640204285419348,,,7.339467889862135
,,448,64,,10,,0,,,,948.2756387907677,,0,,,uniform_matched,,,0.9858575630651305,0.014142436934869496,0.0012057948287846473,6.708781511988491,1,,,1221.53369140625,2120.0,0.0023245962624830665,0.006527178302079638,,,,2.132982210497744,0.00259192803761533,0.001581333877171501,0.004164310137587301,0.0014947783687489498,,,0.00560793896369291,29.187265829977086,,0,,,0.0,,0.9923804259144059,0.9848760366439819,0.005311086116144536,0.005245692210371034,0.0026120995552386234,,,8.025482925819233
,,512,64,,11,,0,,,,946.2839800762158,,0,,,uniform_matched,,,0.9859013061455706,0.014098693854429412,0.0012032623037671608,7.295965953031555,1,,,1240.81005859375,2248.0,0.0022978635648740345,0.006413138920716739,,,,1.9916587145519316,0.0025416402412656754,0.001563504792975178,0.004123638611840554,0.0014803719314136923,,,0.005587000417549922,29.196396888188026,,0,,,0.0,,0.9923804259144059,0.9848760366439819,0.005286272268457572,0.005226457835565064,0.0025650043615362546,,,8.738167208852246
,,640,128,,12,,0,,,,943.0940868929508,,0,,,uniform_matched,,,0.9859040794732985,0.0140959205267015,0.0011992061448325485,7.889997091842815,1,,,1263.91162109375,2380.0,0.0022660357971438765,0.006305939385693233,,,,3.189893183264985,0.0024998544053913396,0.0015312216115470386,0.004094747021575536,0.0014503447989396437,,,0.005537500173054246,29.2110615479284,,0,,,0.0,,0.9923804259144059,0.9848760366439819,0.005264236440195048,0.005203454592494706,0.002526133402514244,,,9.45927500189282
,,768,128,,13,,0,,,,940.5023012043158,,0,,,uniform_matched,,,0.9859084986607529,0.014091501339247081,0.0011959105189060413,8.510382493725047,1,,,1288.2431640625,2516.0,0.002226989794067431,0.006183234886435032,,,,2.5917856886350137,0.0024398805087010125,0.0015080979596894448,0.00404989419352995,0.001416917620094346,,,0.0054882356576259825,29.223013141596063,,0,,,0.0,,0.9923804259144059,0.9848760366439819,0.005239073180830391,0.005176091189636658,0.0024769028836241834,,,10.205892509780824
,,896,128,,14,,0,,,,937.6866778433441,,0,,,uniform_matched,,,0.9859233651272556,0.014076634872744354,0.001192330268660665,9.151483013760298,1,,,1310.59619140625,2658.0,0.002194359916358534,0.006053601278331674,,,,2.815623360971699,0.0023804962344492506,0.0014693995740725648,0.004021221600942906,0.0013923269644092447,,,0.005443382921676756,29.236034308459004,,0,,,0.0,,0.9923804259144059,0.9848760366439819,0.005216020755388778,0.005152045385722928,0.0024312223328247394,,,10.973504542838782
,,1024,128,,15,,0,,,,931.4740001371056,,0,,,uniform_matched,,,0.9859468154597142,0.014053184540285812,0.001184430440441266,9.800284205703065,1,,,1337.6884765625,2804.0,0.002157671008631689,0.005891363779880802,,,,6.212677706238537,0.0022729576257362184,0.0014489082559402317,0.003985512356929331,0.0013736568144970987,,,0.005394245371105008,29.2649043955884,,0,,,0.0,,0.9923804259144059,0.9848760366439819,0.005193625759018672,0.005125340860065664,0.0023864950534328334,,,11.74994567479007
,,1152,128,,16,,0,,,,927.6596585287009,,0,,,uniform_matched,,,0.9859462320088062,0.014053767991193844,0.001179580254273352,10.458197351545095,1,,,1352.3876953125,2952.0,0.0021352786083996397,0.00579895881226641,,,,3.814341608404675,0.0022214184840452936,0.0014437950002583527,0.003959051076999807,0.0013582824683777252,,,0.005360269775476786,29.28272505984515,,0,,,0.0,,0.9923804259144059,0.9848760366439819,0.005175331694514355,0.005109182253609901,0.0023473806934951724,,,12.536430764012039
,,1280,128,,17,,0,,,,926.0575150375657,,0,,,uniform_matched,,,0.9859493953894549,0.014050604610545081,0.0011775430234750948,11.124216138618067,1,,,1368.07666015625,3104.0,0.002119924547901595,0.0057431299988189395,,,,1.6021434911351662,0.0022025382673189846,0.0014304414483861157,0.003946973924003321,0.0013418931787071554,,,0.005332835737794792,29.29023216244518,,0,,,0.0,,0.9923804259144059,0.9848760366439819,0.0051674814043601225,0.005098734061829114,0.002332076150629664,,,13.331229005008936
,,1408,128,,18,,0,,,,924.2789847918116,,0,,,uniform_matched,,,0.9859589175068142,0.014041082493185808,0.0011752815053199916,11.796841281466186,1,,,1380.37841796875,3258.0,0.002100782812160359,0.005680717083436263,,,,1.7785302457541547,0.002191268138296917,0.0014100175990068293,0.00391707207544435,0.0013260083407258775,,,0.005304455466768479,29.298580980182642,,0,,,0.0,,0.9923804259144059,0.9848760366439819,0.005156866083417951,0.005085763655767801,0.002309038721725058,,,14.132703422801569
,,1536,128,,19,,0,,,,922.7680209399603,,0,,,uniform_matched,,,0.9859853224048192,0.014014677595180824,0.0011733602154286196,12.470531629398465,1,,,1398.32568359375,3414.0,0.002085172815505639,0.005632361367414728,,,,1.5109638518513293,0.0021918409936941188,0.0013843243920948968,0.0038923077017340513,0.0013123982474615335,,,0.005280888435181747,29.30568641288201,,0,,,0.0,,0.9923804259144059,0.9848760366439819,0.005148174055161792,0.005074636678158462,0.0022918192903932963,,,14.932928592897952
,,1664,128,,20,,0,,,,921.5861839448023,,0,,,uniform_matched,,,0.9859744460498635,0.014025553950136493,0.0011718574319773386,13.15420979540795,1,,,1409.7265625,3572.0,0.0020736808472949643,0.005602680369065512,,,,1.181836995157937,0.002181106284791502,0.0013793114296726595,0.0038822417530561724,0.001298322058817304,,,0.005259843349200139,29.31125221314312,,0,,,0.0,,0.9923804259144059,0.9848760366439819,0.005142695374854033,0.005067149478411564,0.002280619761319344,,,15.74164709285833
,,32,,,0,,0,,,,977.5290921939898,,0,,,random_matched,,,0.9855171562903475,0.014482843709652471,0.001242992518353767,1.721194501966238,5,,,1031.19677734375,1148.0,0.0025648637342422995,0.0076128570499629416,,,,,0.0031427122431406823,0.001765430330932337,0.004451397440551143,0.0016265074015595635,,,0.005902997804611958,29.055314853949227,,0,,,0.0,,0.9923804259144059,0.9848760366439819,0.005477155371492723,0.005435596313979524,0.0029665189065191627,,,1.8020168030634522
,,64,32,,1,,0,,,,977.2875543061921,,0,,,random_matched,,,0.985505476671727,0.014494523328272946,0.0012426853870470581,2.080927815986797,1,,,1031.19677734375,1148.0,0.0025634299190987237,0.00761221718892871,,,,0.24153788779767638,0.0031418970531000116,0.0017666141256776535,0.004450734970435739,0.0016238311676773144,,,0.005899334658556848,29.056388085779563,,0,,,0.0,,0.9923804259144059,0.9848760366439819,0.005477670125230272,0.005434705017698157,0.00296675614849419,,,2.281590730883181
,,96,32,,2,,0,,,,975.8278172173002,,0,,,random_matched,,,0.9855766611133919,0.014423338886608073,0.0012408292353532158,2.4429082649294287,1,,,1031.19677734375,1198.0,0.00254912072484956,0.0075343028734974945,,,,1.4597370888918704,0.0031216806942405257,0.0017477370779888802,0.004408464115713753,0.0016266923759214492,,,0.005883681781958282,29.062879826001556,,0,,,0.0,,0.9923804259144059,0.9848760366439819,0.00546247709038571,0.005422392193258187,0.0029362872832503755,,,2.764976331964135
,,128,32,,3,,0,,,,974.9026864339808,,0,,,random_matched,,,0.9855701122983556,0.01442988770164444,0.0012396528707300577,2.809845137875527,1,,,1031.19677734375,1198.0,0.002540336512167173,0.007490245584811558,,,,0.925130783319446,0.00309363149300252,0.0017473331004933,0.0043915796810783106,0.0016260451685027565,,,0.005874590207616621,29.06699909540965,,0,,,0.0,,0.9923804259144059,0.9848760366439819,0.005454323870737345,0.005415503435789556,0.002920824784696569,,,3.2526615660171956
,,160,32,,4,,0,,,,974.1847613886398,,0,,,random_matched,,,0.9855842210668969,0.014415778933103085,0.0012387399818275958,3.1746628598775715,1,,,1031.19677734375,1250.0,0.002535883926140794,0.00749216429081097,,,,0.7179250453409622,0.0030757604699074787,0.001743553008818643,0.0043917417725005065,0.0016233640472038667,,,0.005868201030485113,29.07019844800987,,0,,,0.0,,0.9923804259144059,0.9848760366439819,0.005451499763760716,0.005412298134425178,0.0029159298257682995,,,3.738334174035117
,,192,32,,5,,0,,,,973.4841661033305,,0,,,random_matched,,,0.9855902048037195,0.014409795196280495,0.001237849128854536,3.545522826956585,1,,,1031.19677734375,1304.0,0.0025313294188397924,0.007382282783198639,,,,0.7005952853093049,0.0030460147692150507,0.0017424529523101288,0.004377692170321311,0.0016307727701198042,,,0.005860508858259114,29.07332284636408,,0,,,0.0,,0.9923804259144059,0.9848760366439819,0.005442459292417042,0.005407322655960273,0.0028988320888299383,,,4.229015897028148
,,224,32,,6,,0,,,,973.1035058625398,,0,,,random_matched,,,0.9855742786476583,0.014425721352341658,0.0012373650943279773,3.9184238500893116,1,,,1031.19677734375,1304.0,0.002526950087999377,0.007370702982343514,,,,0.3806602407906894,0.0030534588620090572,0.0017378629293779851,0.004381676342985951,0.001618448955838109,,,0.005854817135395464,29.075021394511115,,0,,,0.0,,0.9923804259144059,0.9848760366439819,0.005442545635273025,0.005404929276735343,0.0028995723283715955,,,4.722395455930382
,,256,32,,7,,0,,,,972.6677426530122,,0,,,random_matched,,,0.9855707708584336,0.014429229141566413,0.0012368109927533622,4.294526555109769,1,,,1031.19677734375,1304.0,0.0025201374058475183,0.00734606003488689,,,,0.4357632095276358,0.0030354104825103642,0.00173392233574191,0.004370772875586725,0.0016165659179546744,,,0.005847635390613126,29.076966634072264,,0,,,0.0,,0.9923804259144059,0.9848760366439819,0.00543512017833177,0.005399222852927378,0.002885882050365383,,,5.219844406936318
,,320,64,,8,,0,,,,969.2053073011423,,0,,,random_matched,,,0.9855937348454983,0.014406265154501718,0.0012324082785303018,4.6778305671177804,1,,,1031.19677734375,1362.0,0.0025023109969841786,0.00728844218480059,,,,3.4624353518698854,0.0030231927286209982,0.0017199842189889976,0.004332881595317644,0.0016061303385610886,,,0.0058220714749141695,29.09245393032837,,0,,,0.0,,0.9923804259144059,0.9848760366439819,0.0054236964338566325,0.005386612730969649,0.0028642260780951953,,,5.723335112910718
,,384,64,,9,,0,,,,967.6150190884978,,0,,,random_matched,,,0.9856404975944171,0.014359502405582925,0.0012303861224981915,5.070301003055647,1,,,1031.19677734375,1424.0,0.0024850472059840976,0.007225495587042469,,,,1.5902882126445093,0.003001755223330342,0.0017137106439568085,0.004292618448343859,0.0015990804570902414,,,0.005804098463685633,29.099585759142688,,0,,,0.0,,0.9923804259144059,0.9848760366439819,0.005412885309149357,0.005373191441769098,0.002832128449409006,,,6.235057229874656
,,448,64,,10,,0,,,,967.0889083185996,,0,,,random_matched,,,0.9856237507172331,0.014376249282766929,0.0012297171380597426,5.46725940797478,1,,,1031.19677734375,1488.0,0.002473535308189793,0.00720389366364857,,,,0.5261107698981959,0.00298473527966807,0.0016880790780773054,0.004288601862807785,0.0015890652340939154,,,0.005796111123937517,29.10194774338877,,0,,,0.0,,0.9923804259144059,0.9848760366439819,0.0054104313505805275,0.005366207198581866,0.0028265001460052105,,,6.752832730067894
,,512,64,,11,,0,,,,965.9273943874191,,0,,,random_matched,,,0.9856504634018357,0.014349536598164292,0.0012282401967206563,5.8725040790159255,1,,,1031.19677734375,1554.0,0.002457727971374049,0.007210288882703314,,,,1.1615139311804796,0.0029438919339810094,0.0016834318390723509,0.004273000276833858,0.0015783355435210118,,,0.005779623540473231,29.107166935290778,,0,,,0.0,,0.9923804259144059,0.9848760366439819,0.005404361000818785,0.00535582449227004,0.0028159525210608473,,,7.27905723801814
,,640,128,,12,,0,,,,964.4955525183993,,0,,,random_matched,,,0.9856634631142025,0.014336536885797502,0.0012264195156331372,6.294294189894572,1,,,1049.28369140625,1624.0,0.00244399088963451,0.007201502340447318,,,,1.4318418690197632,0.002938434706601535,0.0016674448552067825,0.004272568880651422,0.0015557929336199837,,,0.005752885035839685,29.11360947305387,,0,,,0.0,,0.9923804259144059,0.9848760366439819,0.005397868004964257,0.005346856270492208,0.0028007265141356636,,,7.823364896001294
,,768,128,,13,,0,,,,963.1740929618793,,0,,,random_matched,,,0.9856797039613395,0.014320296038660474,0.0012247391929141734,6.730511159868911,1,,,1071.1689453125,1696.0,0.002422409848252258,0.007096641285949372,,,,1.3214595565200398,0.0029300904459104425,0.0016644163994359747,0.004215394290838614,0.0015433583932748898,,,0.005736424719746146,29.119563840646894,,0,,,0.0,,0.9923804259144059,0.9848760366439819,0.005383636578655001,0.005331375067415904,0.002773833104112167,,,8.379102143924683
,,896,128,,14,,0,,,,958.380783622911,,0,,,random_matched,,,0.9857489893805604,0.014251010619439564,0.0012186441849046212,7.183858067030087,1,,,1104.38134765625,1774.0,0.00239219236875994,0.006980760734038979,,,,4.793309338968243,0.002830351281444584,0.0016106562963362043,0.004197606941908856,0.0015348903657913919,,,0.005692418523067754,29.14123079524877,,0,,,0.0,,0.9923804259144059,0.9848760366439819,0.005357004540137251,0.005306190447601906,0.0027183033746842836,,,8.952693555038422
,,1024,128,,15,,0,,,,956.0655534030074,,0,,,random_matched,,,0.9857711117880541,0.0142288882119459,0.0012157002174415681,7.650138198165223,1,,,1124.96728515625,1856.0,0.0023720266251445942,0.006801147949253274,,,,2.3152302199036967,0.0027819100701272047,0.001594631177112067,0.004188580945865042,0.0015170596485590986,,,0.0056633387732175355,29.15173505624139,,0,,,0.0,,0.9923804259144059,0.9848760366439819,0.005339724965876053,0.005290306156720454,0.002678041092996711,,,9.539167673094198
,,1152,128,,16,,0,,,,954.9355983622012,,0,,,random_matched,,,0.9857764733758063,0.014223526624193683,0.001214263405306754,8.131759028183296,1,,,1147.080078125,1942.0,0.002364145977884827,0.006793120318766917,,,,1.1299550408061805,0.002785090115807511,0.0015821813659307054,0.004186308232616377,0.0015039623472567743,,,0.005645052165614043,29.156870932750497,,0,,,0.0,,0.9923804259144059,0.9848760366439819,0.005335799429525192,0.005284453076646105,0.0026707852404861854,,,10.142234740080312
,,1280,128,,17,,0,,,,953.501576234023,,0,,,random_matched,,,0.9858026478222852,0.014197352177714784,0.0012124399518763517,8.705550019163638,1,,,1164.46728515625,2032.0,0.0023539312205175062,0.006745720742299589,,,,1.434022128178185,0.0027725484408814183,0.0015686362461661849,0.004178353742640377,0.0014941788997753377,,,0.005623836362187386,29.163397613562395,,0,,,0.0,,0.9923804259144059,0.9848760366439819,0.005328487324985947,0.005276546320052394,0.0026565825642342836,,,10.837843824876472
,,1408,128,,18,,0,,,,952.6929286884882,,0,,,random_matched,,,0.9858122579021087,0.01418774209789131,0.0012114117033494164,9.45305753313005,1,,,1179.85205078125,2126.0,0.002348842021926266,0.0067244915099188216,,,,0.8086475455347681,0.0027622947299286234,0.0015644294545412113,0.004172367078053781,0.0014909679625653958,,,0.005613353069608525,29.1670823496897,,0,,,0.0,,0.9923804259144059,0.9848760366439819,0.005324285834797173,0.005272541227149267,0.0026476884518789353,,,11.707565082004294
,,1536,128,,19,,0,,,,949.844634942232,,0,,,random_matched,,,0.9858292304118974,0.014170769588102594,0.0012077899105609028,10.148204916156828,1,,,1202.380859375,2224.0,0.002329478781459475,0.006642131961412259,,,,2.8482937462562177,0.0027018492628092276,0.00154592639578591,0.00415897332397069,0.0014814558166774308,,,0.005579772699651139,29.180086026512218,,0,,,0.0,,0.9923804259144059,0.9848760366439819,0.005309131240382317,0.005257256330005645,0.0026139352705608996,,,12.526392977917567
,,1664,128,,20,,0,,,,948.4774387937779,,0,,,random_matched,,,0.9858513838195418,0.014148616180458151,0.0012060514307578759,10.926056476077065,1,,,1219.38427734375,2326.0,0.002321462287066709,0.00660710824753742,,,,1.367196148454127,0.0026803672705268396,0.0015382036268649349,0.00415165855288717,0.0014773000956069282,,,0.0055631279939121455,29.186341717828576,,0,,,0.0,,0.9923804259144059,0.9848760366439819,0.00530303075774013,0.005250888979722468,0.0026003898910716043,,,13.429644268937409
,,32,,,0,,0,,,,977.5290921939943,,0,,,raw_alignment_matched,,,0.9855171562903475,0.014482843709652471,0.001242992518353773,1.7286786020267755,5,,,1127.69140625,1280.0,0.0025648637342419968,0.0076128570499629416,,,,,0.003142712243138712,0.001765430330932337,0.004451397440551143,0.0016265074015595635,,,0.005902997804611372,29.055314853949206,,0,,,0.0,,0.9923804259144059,0.9848760366439819,0.005477155371492218,0.005435596313979373,0.0029665189065131888,,,1.8109103960450739
,,64,32,3.074731346511704,1,7384737,0,,,,954.5269066817664,,0,286.0,4.0,raw_alignment_matched,0.0,0,0.985782754949206,0.014217245050794025,0.0012137437269614745,2.0830645598471165,1,,,1609.22705078125,2462.0,0.002479144612358903,0.007290672771665767,,,,23.002185512227925,0.0027287525459730433,0.0017663204110625588,0.004356517721862113,0.0016283028628832198,,1.0,0.00574916760573441,29.158730016590624,,0,,,0.30431462288834155,,0.9923804259144059,0.9848760366439819,0.005405803902068833,0.005360441523463684,0.002813590319560469,,,2.580557993147522
,,96,32,1.4690402959119548,2,7375795,0,,,,943.3706095733985,,0,284.0,4.0,raw_alignment_matched,0.0,0,0.9858176272934076,0.014182372706592394,0.0011995577616035443,2.525561770889908,1,,,1610.58984375,2462.0,0.0024529070890648577,0.0070691227520960935,,,,11.15629710836788,0.0026247305523935272,0.0017664525104553713,0.004312958541579541,0.0016290056074670638,,1.0,0.005684426615580895,29.209788348643784,,0,,,0.6079883528873324,,0.9923804259144059,0.9848760366439819,0.005376833511970895,0.005336451924820766,0.0027568297173596657,,,3.4370888280682266
,,128,32,0.30329281870280045,3,7375681,0,,,,933.0397040334744,,0,282.0,4.0,raw_alignment_matched,0.0,0,0.9859120394079638,0.014087960592036208,0.0011864213358986847,2.900654133874923,1,,,1610.82080078125,2462.0,0.0023914504689452084,0.006549215361638375,,,,10.33090553992406,0.002461392058598236,0.0017541202043814743,0.004236250728681316,0.0015954226307145231,,1.0,0.005612060759719166,29.25761051814682,,0,,,0.9093755236826837,,0.9923804259144059,0.9848760366439819,0.005312856170132913,0.005285353702448544,0.0026352639501723957,,,4.225700413109735
,,160,32,0.37651557954735315,4,7374453,0,,,,928.4672536055946,,0,281.0,4.0,raw_alignment_matched,0.0,0,0.9859541516644666,0.01404584833553335,0.001180607164517205,3.2842622329480946,1,,,1610.82080078125,2462.0,0.0023701071139262736,0.006402429661007472,,,,4.572450427879858,0.002465302454259017,0.0017584771576944019,0.004187452619438522,0.0015734916188476162,,1.0,0.005592799090838065,29.278945855897973,,0,,,1.212994166649878,,0.9923804259144059,0.9848760366439819,0.005294477637346307,0.005269292718336255,0.0026005974777625865,,,5.023618889041245
,,192,32,0.20739780034834543,5,7376100,0,,,,925.2197348997246,,0,279.0,4.0,raw_alignment_matched,0.0,0,0.9859573159473679,0.014042684052632093,0.0011764777309414222,3.6768648319412023,1,,,1610.82080078125,2462.0,0.002328544855855991,0.0061830740310175845,,,,3.247518705869993,0.0023207072313296355,0.0016858888652322664,0.00415729230549869,0.0015667465841884296,,0.9999999403953552,0.005551102443837837,29.294162889901184,,0,,,1.5147649575956166,,0.9923804259144059,0.9848760366439819,0.005264668115158312,0.0052376307303452704,0.0025242938627071834,,,5.829044513171539
,,224,32,0.1215665849357622,6,7376769,0,,,,923.2318663023834,,0,277.0,4.0,raw_alignment_matched,0.0,0,0.9859706532592993,0.014029346740700666,0.0011739500253071893,4.083639458054677,1,,,1610.82080078125,2462.0,0.002297324599259342,0.00606647358715431,,,,1.987868597341162,0.002310319484016545,0.001664780972754106,0.004122713966462218,0.0015280582098969725,,0.9999999403953552,0.00551870907176633,29.303503904779078,,0,,,1.817461519734934,,0.9923804259144059,0.9848760366439819,0.005246673429673804,0.005215326699948649,0.0024877829424566665,,,6.647825391031802
,,256,32,0.17134714394318945,7,7376305,0,,,,921.5288982962859,,0,276.0,4.0,raw_alignment_matched,0.0,0,0.9859766500438756,0.01402334995612442,0.00117178458950842,4.492533806944266,1,,,1610.82080078125,2462.0,0.0022690373762329903,0.006001200625382438,,,,1.7029680060975352,0.002253666015268759,0.0016518483003051625,0.004077737290061665,0.0015134067204562794,,0.9999999403953552,0.0054854434428383255,29.311522178283017,,0,,,2.121512438636273,,0.9923804259144059,0.9848760366439819,0.005228400753880128,0.005195180897346141,0.002453815091857242,,,7.472360232146457
,,320,64,0.12193267801863965,8,7376134,0,,,,918.5275800712511,,0,274.0,4.0,raw_alignment_matched,0.0,0,0.9859873850407064,0.014012614959293623,0.0011679682160329833,4.917296502739191,1,,,1610.82080078125,2462.0,0.0022470247951181287,0.005957469759273245,,,,3.0013182250347654,0.002262415542389234,0.0016270780395508722,0.004038001734118044,0.0014912512692619251,,1.0,0.005443278311277865,29.325689755363808,,0,,,2.4239248647354543,,0.9923804259144059,0.9848760366439819,0.005217077259057978,0.005180329200569036,0.0024382776285361003,,,8.31315925810486
,,384,64,0.20191078999662387,9,7377899,0,,,,916.0923367410367,,0,272.0,4.0,raw_alignment_matched,0.0,0,0.9859924682935284,0.014007531706471621,0.001164871644008683,5.35197699489072,1,,,1612.52978515625,2462.0,0.0022147652403986797,0.005898063031936417,,,,2.435243330214462,0.0021829162103669223,0.0016177457402739947,0.004027539349891045,0.0014572741310684683,,1.0,0.005393429115185177,29.33721926457566,,0,,,2.726463394705206,,0.9923804259144059,0.9848760366439819,0.00519520335752415,0.005157296882562593,0.002393342409428591,,,9.162231622962281
,,448,64,0.16100846766591945,10,7377738,0,,,,914.0162152441385,,0,270.0,4.0,raw_alignment_matched,0.0,0,0.9859978559461138,0.014002144053886223,0.0011622317190095755,5.8003757239785045,1,,,1612.52978515625,2462.0,0.002174157999275168,0.005766844564213605,,,,2.0761214968981676,0.0021662207368913877,0.001552460844882698,0.0039723801911255895,0.0014225881566438763,,1.0,0.00535607342467242,29.34707276201623,,0,,,3.0297276156488806,,0.9923804259144059,0.9848760366439819,0.0051749116953206465,0.005129803383411159,0.0023510675682494827,,,10.028187995078042
,,512,64,0.20818351853363493,11,7378392,0,,,,912.2204093998139,,0,268.0,4.0,raw_alignment_matched,0.0,0,0.9859911218339854,0.014008878166014593,0.0011599482337949294,6.26261609303765,1,,,1612.52978515625,2462.0,0.0021463195376907364,0.0056255067273352196,,,,1.7958058443246045,0.0021405125047729142,0.0015075299515909925,0.00393083834345987,0.0014052814952927677,,1.0,0.005313668728095801,29.355613920479627,,0,,,3.3334143236279488,,0.9923804259144059,0.9848760366439819,0.005155784104465031,0.0051095733168334805,0.0023106127995710757,,,10.906901369104162
,,640,128,0.15717434296965618,12,7378952,0,,,,909.0957451803853,,0,267.0,4.0,raw_alignment_matched,0.0,0,0.9860369989509102,0.013963001049089763,0.0011559750177769792,6.741028628079221,1,,,1613.7744140625,2462.0,0.0021242150256159604,0.005544759758124565,,,,3.1246642194286096,0.0021390587026309154,0.0014764127253787617,0.003912409214102432,0.0013769953464826496,,1.0,0.005267282066941066,29.370515515200232,,0,,,3.636799448635429,,0.9923804259144059,0.9848760366439819,0.005147228743351582,0.005095217176750728,0.002293851064115584,,,11.802366098156199
,,768,128,0.058436083682743487,13,7378851,0,,,,906.8678871737883,,0,266.0,4.0,raw_alignment_matched,0.0,0,0.9860352528674561,0.01396474713254392,0.0011531421498283238,7.239824979100376,1,,,1613.7744140625,2462.0,0.002086061395512276,0.0054709762404489245,,,,2.227858006596989,0.0020724192039462386,0.0014285590924338614,0.0038562901136626883,0.0013594318533960237,,1.0,0.0052109194216119915,29.381171531729464,,0,,,3.940902262693271,,0.9923804259144059,0.9848760366439819,0.005127791226025153,0.0050702250438979446,0.0022508715635197424,,,12.718637119047344
,,896,128,0.0353319764173129,14,7379292,0,,,,904.944182740797,,0,264.0,4.0,raw_alignment_matched,0.0,0,0.9860426593937799,0.013957340606220114,0.0011506960331481896,7.754599916050211,1,,,1613.7744140625,2462.0,0.002069202174959407,0.005413954583628078,,,,1.9237044329912578,0.002091217070572321,0.0013936186408581293,0.003831624691991295,0.0013396889964985353,,1.0,0.0051770641395820225,29.39039384068609,,0,,,4.243882609764114,,0.9923804259144059,0.9848760366439819,0.005122642831852411,0.005059493383216087,0.002243498520341324,,,13.650899861939251
,,1024,128,0.03794163551809978,15,7379684,0,,,,903.2650900443743,,0,263.0,4.0,raw_alignment_matched,0.0,0,0.9860450469757497,0.013954953024250316,0.0011485609563755981,8.290306758834049,1,,,1613.7744140625,2462.0,0.0020440858048417568,0.005388567539528752,,,,1.6790926964226855,0.0020598805973659467,0.0013787399415348773,0.003811252314230901,0.0013115917049584859,,1.0,0.005142455487541951,29.39845951000031,,0,,,4.547031565802172,,0.9923804259144059,0.9848760366439819,0.005108927934801339,0.005042338019312377,0.002208267585087838,,,14.606159384129569
,,1152,128,0.02976249941823105,16,7379952,0,,,,902.2827289413158,,0,261.0,4.0,raw_alignment_matched,0.0,0,0.9860321963888037,0.013967803611196317,0.0011473118196377002,8.842414342798293,1,,,1613.7744140625,2462.0,0.002029784163499659,0.005385568112041013,,,,0.9823611030585653,0.002107696042666304,0.0013553888953127013,0.0037905974096544056,0.001282982339660177,,1.0,0.005122844543805431,29.403185322785845,,0,,,4.850894061848521,,0.9923804259144059,0.9848760366439819,0.005109716594273001,0.0050344332284549854,0.0022177215601259705,,,15.58300669095479
,,1280,128,0.030600514356953486,17,7380193,0,,,,900.966872741641,,0,260.0,4.0,raw_alignment_matched,0.0,0,0.9860481267427065,0.013951873257293523,0.0011456386219554152,9.410605777986348,1,,,1615.36376953125,2462.0,0.0020006964193847003,0.005283200246746525,,,,1.3158561996747267,0.002031807958361145,0.0013312328000377068,0.0037698868341299865,0.0012633300853890895,,1.0,0.005083282552394878,29.409523537832676,,0,,,5.155479578766972,,0.9923804259144059,0.9848760366439819,0.005089125431198336,0.0050143767880748025,0.0021715705988309864,,,16.575350858969614
,,1408,128,0.03202758223788948,18,7380314,0,,,,900.1227183984229,,0,259.0,4.0,raw_alignment_matched,0.0,0,0.9860120691240478,0.013987930875952181,0.0011445652242004685,10.009582855040208,1,,,1615.36376953125,2462.0,0.0019936309651824536,0.005281950330432185,,,,0.8441543432181788,0.002087300672464354,0.001314473992109094,0.0037487662501105097,0.0012458738606268367,,1.0,0.005068605251951619,29.413594535763956,,0,,,5.459923080867156,,0.9923804259144059,0.9848760366439819,0.00509067768163083,0.0050106727684463715,0.002179426718068753,,,17.59980400907807
,,1536,128,0.019307287917729003,19,7381648,0,,,,899.2102621149211,,0,258.0,4.0,raw_alignment_matched,0.0,0,0.9860396912939893,0.013960308706010727,0.001143404976037243,10.609065817901865,1,,,1615.36376953125,2462.0,0.001971300272141305,0.005238044846010044,,,,0.9124562835017969,0.0020235358814021903,0.001285457082125908,0.003733473222865084,0.0012348547170986535,,1.0,0.005040160943864702,29.417999220912986,,0,,,5.765722973970696,,0.9923804259144059,0.9848760366439819,0.0050741238632738645,0.004995153530499136,0.0021422982211729805,,,18.625947233987972
,,1664,128,0.021401379783728098,20,7381620,0,,,,898.7272129085846,,0,257.0,4.0,raw_alignment_matched,0.0,0,0.9860217571358225,0.013978242864177481,0.001142790747208385,11.217325708828866,1,,,1615.3779296875,2462.0,0.0019693262605215535,0.005260983568829807,,,,0.4830492063364318,0.0020740672964612355,0.0012646440523753522,0.0037273659785280714,0.0012229617721156599,,1.0,0.005032106394068784,29.420332846111428,,0,,,6.071560025913641,,0.9923804259144059,0.9848760366439819,0.005079052538382911,0.004995015422089685,0.002156762130254172,,,19.662127010989934
,,256,,,0,,0,,,256,952.8867152100341,,0,,,fixed_space_cold,,,0.985827325768708,0.014172674231291982,0.0012116581156540352,2.5537961120717227,5,,,1556.52490234375,1874.0,0.0023869978209566426,0.006718611878443583,,,,,0.0027507717894054385,0.001633710831559338,0.0042295054599817625,0.0015275550324300472,,,0.005695635488002568,29.16619904452285,,0,,,0.0,,0.9923804259144059,0.9848760366439819,0.005350133284585656,0.005289842087606476,0.002691107327259412,,,2.6683099248912185
,,512,,,0,,0,,,512,945.6572274880896,,0,,,fixed_space_cold,,,0.9858631636040518,0.014136836395948205,0.0012024653466391113,2.8704505211208016,5,,,1742.46875,2142.0,0.0022973100885313523,0.00639676653286105,,,,,0.0025490212176382805,0.001562601995795595,0.004119358616155297,0.0014792636572493573,,,0.005596707070286329,29.199274305302367,,0,,,0.0,,0.9923804259144059,0.9848760366439819,0.005281463235120355,0.005225818948632537,0.0025602096265192505,,,5.6693707020021975
,,1024,,,0,,0,,,1024,929.9653720053437,,0,,,fixed_space_cold,,,0.9859239566505832,0.014076043349416811,0.0011825121205715735,3.1982911948580295,5,,,1846.6279296875,2330.0,0.0021531191347892798,0.0058155452163223004,,,,,0.0022767264037508025,0.0014479618507761659,0.003969504514180497,0.0013713475374879365,,,0.005402940082788976,29.271943991141466,,0,,,0.0,,0.9923804259144059,0.9848760366439819,0.005181067067008165,0.005120281870125202,0.0023612926310278377,,,9.005547975888476
,,1664,,,0,,0,,,1664,921.0225376513588,,0,,,fixed_space_cold,,,0.9859596230626108,0.014040376937389243,0.0011711407186525457,3.4312286919448525,5,,,1910.8134765625,2458.0,0.0020792534085324714,0.005596920072639258,,,,,0.0022252879233896545,0.001380820173835399,0.003880695869930425,0.0012962143852287735,,,0.005266935970875743,29.313909190500862,,0,,,0.0,,0.9923804259144059,0.9848760366439819,0.005144445986775915,0.005070722010567748,0.0022821364996478037,,,12.579402633942664
