metric,value
version,0.8.14
starting_commit,975f820fa7cba98a49c3f27fb6e3f487187a6464
seed_list[0],101
emitters,4194304
views,4
resolution[0],1080
resolution[1],1920
capture_grid,4
global_measure.definition,"Uniform area on fixed marching-cubes polyhedral F0=0 surface, pushed to trilinear F0 by fixed-normal attachment. Under λ, push forward the same reference measure on persistent normal lines; NOT equal area on every deformed surface."
global_measure.triangles,117300
global_measure.polyhedral_area,9.2200944031482
global_measure.seed,101
global_measure.sample_ids,"Sobol index, fixed face ID and barycentric coordinate"
global_measure.face_ids_digest,915ebbc7258d871d474a251b431b4f36f42227e40db75ef91ebd8c3c0a9994ea
global_measure.barycentric_digest,90ba06acfac74483ece1094e7337dae8d3827237bceb4d7b1f56cf20a3cb1c6c
global_measure.max_projection_displacement,0.002373307792162988
global_measure.max_surface_residual,4.2648022480677126e-07
global_measure.attachment_seconds,12.128346438985318
comparisons.current.whole_image_mse,17.328206018518518
comparisons.current.foreground_mse,1244.090196421796
comparisons.current.interior_gt8px_mse,
comparisons.current.silhouette_0_8px_mse,99.29415453384507
comparisons.current.foreground_mean_brightness,0.8444594478737997
comparisons.current.edge_sharpness,0.08340902345379217
comparisons.current.reference_edge_sharpness,2.19512979735671
comparisons.current.edge_sharpness_ratio,0.03799730820210726
comparisons.current.thin_feature_response_ratio,0.0010123196364327973
comparisons.current.gradient_magnitude_ratio,0.0160302871038719
comparisons.current.gradient_cosine,-0.0007709078559827651
comparisons.current.reference_aligned_gradient_energy,663.2479522998445
comparisons.current.unmatched_gradient_energy,7482.187502049468
comparisons.current.excess_hf_weak_reference,0.003465328227897778
comparisons.current.gradient_squared_error,7.825254126036475
comparisons.current.weak_reference_pixels,2031747.0
comparisons.current.gradient_relative_l2,1.0001372246934206
comparisons.current.historical_squared_image_energy,5225928.125
comparisons.current.surface_density.raw_count_density.mean,0.1069286328604929
comparisons.current.surface_density.raw_count_density.cv,0.2868609494948127
comparisons.current.surface_density.raw_count_density.p05,0.06292459147083705
comparisons.current.surface_density.raw_count_density.p50,0.10341975078135776
comparisons.current.surface_density.raw_count_density.p95,0.1623281009254546
comparisons.current.surface_density.weighted_source_density.mean,0.10692765385980549
comparisons.current.surface_density.weighted_source_density.cv,0.295033106923202
comparisons.current.surface_density.weighted_source_density.p05,0.06136492677434192
comparisons.current.surface_density.weighted_source_density.p50,0.10353671254722614
comparisons.current.surface_density.weighted_source_density.p95,0.16330489300148637
comparisons.current.surface_density.neighbor_radius.mean,0.0034762835148660987
comparisons.current.surface_density.neighbor_radius.cv,0.147996582403576
comparisons.current.surface_density.neighbor_radius.p05,0.0027350057819645153
comparisons.current.surface_density.neighbor_radius.p50,0.003426520697160946
comparisons.current.surface_density.neighbor_radius.p95,0.0043928350950892875
comparisons.current.surface_density.definition,17-nearest Euclidean query at identical global area probes; discard nearest and use 16 neighbors / pi*r17^2. Thin nearby sheets/curvature bias this local surface-area approximation.
comparisons.current.per_view[0].whole_image_mse,21.10724537037037
comparisons.current.per_view[0].foreground_mse,1415.8914896170927
comparisons.current.per_view[0].interior_gt8px_mse,
comparisons.current.per_view[0].silhouette_0_8px_mse,117.50149476629619
comparisons.current.per_view[0].foreground_mean_brightness,0.9454067877642104
comparisons.current.per_view[0].edge_sharpness,0.08798158631009777
comparisons.current.per_view[0].reference_edge_sharpness,2.4662797633221087
comparisons.current.per_view[0].edge_sharpness_ratio,0.035673806199336244
comparisons.current.per_view[0].thin_feature_response_ratio,0.0009675204738539493
comparisons.current.per_view[0].gradient_magnitude_ratio,0.014914874929227117
comparisons.current.per_view[0].gradient_cosine,-0.006019833761003765
comparisons.current.per_view[0].reference_aligned_gradient_energy,699.4505651717242
comparisons.current.per_view[0].unmatched_gradient_energy,8227.486242586318
comparisons.current.per_view[0].excess_hf_weak_reference,0.0038369998021767554
comparisons.current.per_view[0].gradient_squared_error,9.680166124446194
comparisons.current.per_view[0].weak_reference_pixels,2028939
comparisons.current.per_view[0].gradient_relative_l2,1.0002009916159025
comparisons.current.per_view[0].historical_squared_image_energy,1648841.5
comparisons.current.per_view[0].emitted_rgb_before_view_selection,1.5489680757546012
comparisons.current.per_view[0].pre_transmission_rgb_after_gate_lobe,0.5739053298574007
comparisons.current.per_view[0].total_rendered_rgb,1566561.1475587424
comparisons.current.per_view[1].whole_image_mse,13.837178497942388
comparisons.current.per_view[1].foreground_mse,1017.7451395618726
comparisons.current.per_view[1].interior_gt8px_mse,
comparisons.current.per_view[1].silhouette_0_8px_mse,81.55422640245943
comparisons.current.per_view[1].foreground_mean_brightness,0.8015584994855414
comparisons.current.per_view[1].edge_sharpness,0.08040398123864688
comparisons.current.per_view[1].reference_edge_sharpness,2.039242637074662
comparisons.current.per_view[1].edge_sharpness_ratio,0.03942835431981166
comparisons.current.per_view[1].thin_feature_response_ratio,0.0011368901458968076
comparisons.current.per_view[1].gradient_magnitude_ratio,0.01706603523116712
comparisons.current.per_view[1].gradient_cosine,0.004990985923234597
comparisons.current.per_view[1].reference_aligned_gradient_energy,727.0357330675317
comparisons.current.per_view[1].unmatched_gradient_energy,6890.12339563006
comparisons.current.per_view[1].excess_hf_weak_reference,0.0031557894541429463
comparisons.current.per_view[1].gradient_squared_error,6.3070354865806255
comparisons.current.per_view[1].weak_reference_pixels,2032827
comparisons.current.per_view[1].gradient_relative_l2,1.0000604466107552
comparisons.current.per_view[1].historical_squared_image_energy,1080706.625
comparisons.current.per_view[1].emitted_rgb_before_view_selection,1.5489680757546012
comparisons.current.per_view[1].pre_transmission_rgb_after_gate_lobe,0.45981535069234836
comparisons.current.per_view[1].total_rendered_rgb,1209912.2569246173
comparisons.current.per_view[2].whole_image_mse,21.427836934156378
comparisons.current.per_view[2].foreground_mse,1372.5745108452302
comparisons.current.per_view[2].interior_gt8px_mse,
comparisons.current.per_view[2].silhouette_0_8px_mse,106.68539978640771
comparisons.current.per_view[2].foreground_mean_brightness,0.8510541298303708
comparisons.current.per_view[2].edge_sharpness,0.08443217530192888
comparisons.current.per_view[2].reference_edge_sharpness,2.239449352499318
comparisons.current.per_view[2].edge_sharpness_ratio,0.03770220353842746
comparisons.current.per_view[2].thin_feature_response_ratio,0.0009356307911991333
comparisons.current.per_view[2].gradient_magnitude_ratio,0.015333459224433086
comparisons.current.per_view[2].gradient_cosine,-0.003966067621103267
comparisons.current.per_view[2].reference_aligned_gradient_energy,699.7646296558108
comparisons.current.per_view[2].unmatched_gradient_energy,8715.442612728466
comparisons.current.per_view[2].excess_hf_weak_reference,0.004069400426272511
comparisons.current.per_view[2].gradient_squared_error,9.659386021214011
comparisons.current.per_view[2].weak_reference_pixels,2026421
comparisons.current.per_view[2].gradient_relative_l2,1.0001783551167693
comparisons.current.per_view[2].historical_squared_image_energy,1572628.5
comparisons.current.per_view[2].emitted_rgb_before_view_selection,1.5489680757546012
comparisons.current.per_view[2].pre_transmission_rgb_after_gate_lobe,0.5634766929525113
comparisons.current.per_view[2].total_rendered_rgb,1603559.5997841822
comparisons.current.per_view[3].whole_image_mse,12.940563271604939
comparisons.current.per_view[3].foreground_mse,1115.6918162330294
comparisons.current.per_view[3].interior_gt8px_mse,
comparisons.current.per_view[3].silhouette_0_8px_mse,87.49520263950328
comparisons.current.per_view[3].foreground_mean_brightness,0.7562127397615345
comparisons.current.per_view[3].edge_sharpness,0.08081835096449512
comparisons.current.per_view[3].reference_edge_sharpness,2.0355474365307504
comparisons.current.per_view[3].edge_sharpness_ratio,0.03970349671744151
comparisons.current.per_view[3].thin_feature_response_ratio,0.0010358048995343892
comparisons.current.per_view[3].gradient_magnitude_ratio,0.016806779030660288
comparisons.current.per_view[3].gradient_cosine,0.0019112840349413745
comparisons.current.per_view[3].reference_aligned_gradient_energy,526.7408813043113
comparisons.current.per_view[3].unmatched_gradient_energy,6095.697757253032
comparisons.current.per_view[3].excess_hf_weak_reference,0.0027991232289988994
comparisons.current.per_view[3].gradient_squared_error,5.654428871905067
comparisons.current.per_view[3].weak_reference_pixels,2038801
comparisons.current.per_view[3].gradient_relative_l2,1.000109105430255
comparisons.current.per_view[3].historical_squared_image_energy,923751.5
comparisons.current.per_view[3].emitted_rgb_before_view_selection,1.5489680757546012
comparisons.current.per_view[3].pre_transmission_rgb_after_gate_lobe,0.4748694253917321
comparisons.current.per_view[3].total_rendered_rgb,1068934.542203524
comparisons.current.source_weight_sum,1.0
comparisons.current.raw_source_mass,9.088634202953163
comparisons.current.colored_source_budget,1.5489680757546012
comparisons.current.total_rendered_rgb,5448967.546471066
comparisons.current.artifact_scores.spoke_anisotropy,0.7205761230676404
comparisons.current.artifact_scores.angular_lattice_fraction,0.023455882925362062
comparisons.current.artifact_scores.radial_banding_score,0.0003011161906920597
comparisons.current.artifact_scores.radial_banding_per_view[0],0.00024801313116304874
comparisons.current.artifact_scores.radial_banding_per_view[1],0.00034416362615265705
comparisons.current.artifact_scores.radial_banding_per_view[2],0.0002840422292741673
comparisons.current.artifact_scores.radial_banding_per_view[3],0.00032824577617836573
comparisons.current.artifact_scores.scope,Fixed image-plane circles r=4..64px around all chart centers; geometry/overlap can also cause anisotropy or radial variation.
comparisons.current.occupancy[0].view,0
comparisons.current.occupancy[0].nearest_px_p50,0.17039108107626807
comparisons.current.occupancy[0].nearest_px_p95,0.41506510049650913
comparisons.current.occupancy[0].no_center_within_0_5px,0.023144662323632437
comparisons.current.occupancy[1].view,1
comparisons.current.occupancy[1].nearest_px_p50,0.1658560852241962
comparisons.current.occupancy[1].nearest_px_p95,0.4121871449603418
comparisons.current.occupancy[1].no_center_within_0_5px,0.02437098453034708
comparisons.current.occupancy[2].view,2
comparisons.current.occupancy[2].nearest_px_p50,0.1793797647063215
comparisons.current.occupancy[2].nearest_px_p95,0.44004922652849665
comparisons.current.occupancy[2].no_center_within_0_5px,0.029052513198587985
comparisons.current.occupancy[3].view,3
comparisons.current.occupancy[3].nearest_px_p50,0.1657681539696133
comparisons.current.occupancy[3].nearest_px_p95,0.4153548251022778
comparisons.current.occupancy[3].no_center_within_0_5px,0.0238745744188979
comparisons.global.whole_image_mse,17.317574588477367
comparisons.global.foreground_mse,1244.244718792867
comparisons.global.interior_gt8px_mse,
comparisons.global.silhouette_0_8px_mse,99.22792131683977
comparisons.global.foreground_mean_brightness,0.8341242055934973
comparisons.global.edge_sharpness,0.08856474986921373
comparisons.global.reference_edge_sharpness,2.19512979735671
comparisons.global.edge_sharpness_ratio,0.040346019618457164
comparisons.global.thin_feature_response_ratio,0.0012918863724007141
comparisons.global.gradient_magnitude_ratio,0.01597787584483836
comparisons.global.gradient_cosine,0.00919197224181276
comparisons.global.reference_aligned_gradient_energy,542.1824953751733
comparisons.global.unmatched_gradient_energy,7608.930232682177
comparisons.global.excess_hf_weak_reference,0.0035543366523194146
comparisons.global.gradient_squared_error,7.822682681430929
comparisons.global.weak_reference_pixels,2031747.0
comparisons.global.gradient_relative_l2,0.9999798385640916
comparisons.global.historical_squared_image_energy,4879678.125
comparisons.global.surface_density.raw_count_density.mean,0.10635762921717577
comparisons.global.surface_density.raw_count_density.cv,0.11123994430163489
comparisons.global.surface_density.raw_count_density.p05,0.08862404473865067
comparisons.global.surface_density.raw_count_density.p50,0.10548038685267677
comparisons.global.surface_density.raw_count_density.p95,0.12719670319285445
comparisons.global.surface_density.weighted_source_density.mean,0.10672325858816947
comparisons.global.surface_density.weighted_source_density.cv,0.1112399443016349
comparisons.global.surface_density.weighted_source_density.p05,0.0889287107411858
comparisons.global.surface_density.weighted_source_density.p50,0.10584300049667186
comparisons.global.surface_density.weighted_source_density.p95,0.12763397178301747
comparisons.global.surface_density.neighbor_radius.mean,0.0033942593727433134
comparisons.global.surface_density.neighbor_radius.cv,0.05479388142555452
comparisons.global.surface_density.neighbor_radius.p05,0.003089706135945528
comparisons.global.surface_density.neighbor_radius.p50,0.0033928858283984063
comparisons.global.surface_density.neighbor_radius.p95,0.003701513357092816
comparisons.global.surface_density.definition,17-nearest Euclidean query at identical global area probes; discard nearest and use 16 neighbors / pi*r17^2. Thin nearby sheets/curvature bias this local surface-area approximation.
comparisons.global.per_view[0].whole_image_mse,21.091858281893003
comparisons.global.per_view[0].foreground_mse,1416.5594002684388
comparisons.global.per_view[0].interior_gt8px_mse,
comparisons.global.per_view[0].silhouette_0_8px_mse,117.42617328146804
comparisons.global.per_view[0].foreground_mean_brightness,0.9131162975633177
comparisons.global.per_view[0].edge_sharpness,0.09323666880092563
comparisons.global.per_view[0].reference_edge_sharpness,2.4662797633221087
comparisons.global.per_view[0].edge_sharpness_ratio,0.037804579264492974
comparisons.global.per_view[0].thin_feature_response_ratio,0.0012942396010783789
comparisons.global.per_view[0].gradient_magnitude_ratio,0.014874699465192025
comparisons.global.per_view[0].gradient_cosine,0.007938954726991613
comparisons.global.per_view[0].reference_aligned_gradient_energy,559.9794539543642
comparisons.global.per_view[0].unmatched_gradient_energy,8318.93002541452
comparisons.global.per_view[0].excess_hf_weak_reference,0.003904927078404336
comparisons.global.per_view[0].gradient_squared_error,9.676131639119003
comparisons.global.per_view[0].weak_reference_pixels,2028939
comparisons.global.per_view[0].gradient_relative_l2,0.9999925387486229
comparisons.global.per_view[0].historical_squared_image_energy,1478865.125
comparisons.global.per_view[0].emitted_rgb_before_view_selection,1.5489680757546007
comparisons.global.per_view[0].pre_transmission_rgb_after_gate_lobe,0.5623946040613197
comparisons.global.per_view[0].total_rendered_rgb,1531961.7132360316
comparisons.global.per_view[1].whole_image_mse,13.831358024691358
comparisons.global.per_view[1].foreground_mse,1018.042042042042
comparisons.global.per_view[1].interior_gt8px_mse,
comparisons.global.per_view[1].silhouette_0_8px_mse,81.50929138891425
comparisons.global.per_view[1].foreground_mean_brightness,0.791247173468289
comparisons.global.per_view[1].edge_sharpness,0.08484589295392554
comparisons.global.per_view[1].reference_edge_sharpness,2.039242637074662
comparisons.global.per_view[1].edge_sharpness_ratio,0.04160657070001185
comparisons.global.per_view[1].thin_feature_response_ratio,0.0013934244913200733
comparisons.global.per_view[1].gradient_magnitude_ratio,0.016860149858072798
comparisons.global.per_view[1].gradient_cosine,0.012772294146001995
comparisons.global.per_view[1].reference_aligned_gradient_energy,592.8079274002679
comparisons.global.per_view[1].unmatched_gradient_energy,6841.672349357792
comparisons.global.per_view[1].excess_hf_weak_reference,0.0031682986322784344
comparisons.global.per_view[1].gradient_squared_error,6.305349707480178
comparisons.global.per_view[1].weak_reference_pixels,2032827
comparisons.global.per_view[1].gradient_relative_l2,0.9999267868532029
comparisons.global.per_view[1].historical_squared_image_energy,1013624.625
comparisons.global.per_view[1].emitted_rgb_before_view_selection,1.5489680757546007
comparisons.global.per_view[1].pre_transmission_rgb_after_gate_lobe,0.45816622952886576
comparisons.global.per_view[1].total_rendered_rgb,1208644.6403235071
comparisons.global.per_view[2].whole_image_mse,21.41135673868313
comparisons.global.per_view[2].foreground_mse,1372.5766767673613
comparisons.global.per_view[2].interior_gt8px_mse,
comparisons.global.per_view[2].silhouette_0_8px_mse,106.60952229419645
comparisons.global.per_view[2].foreground_mean_brightness,0.8498201790009684
comparisons.global.per_view[2].edge_sharpness,0.09270262791987864
comparisons.global.per_view[2].reference_edge_sharpness,2.239449352499318
comparisons.global.per_view[2].edge_sharpness_ratio,0.04139527773486758
comparisons.global.per_view[2].thin_feature_response_ratio,0.0012432161486188866
comparisons.global.per_view[2].gradient_magnitude_ratio,0.015812820201360413
comparisons.global.per_view[2].gradient_cosine,0.007017742255520184
comparisons.global.per_view[2].reference_aligned_gradient_energy,594.1423286714785
comparisons.global.per_view[2].unmatched_gradient_energy,9418.951005613631
comparisons.global.per_view[2].excess_hf_weak_reference,0.004425040234698138
comparisons.global.per_view[2].gradient_squared_error,9.65621271819771
comparisons.global.per_view[2].weak_reference_pixels,2026421
comparisons.global.per_view[2].gradient_relative_l2,1.0000140522461214
comparisons.global.per_view[2].historical_squared_image_energy,1463950.25
comparisons.global.per_view[2].emitted_rgb_before_view_selection,1.5489680757546007
comparisons.global.per_view[2].pre_transmission_rgb_after_gate_lobe,0.566981401276516
comparisons.global.per_view[2].total_rendered_rgb,1600215.6829537316
comparisons.global.per_view[3].whole_image_mse,12.935725308641976
comparisons.global.per_view[3].foreground_mse,1115.225421377832
comparisons.global.per_view[3].interior_gt8px_mse,
comparisons.global.per_view[3].silhouette_0_8px_mse,87.42866934502469
comparisons.global.per_view[3].foreground_mean_brightness,0.7617935660193631
comparisons.global.per_view[3].edge_sharpness,0.08347380980212513
comparisons.global.per_view[3].reference_edge_sharpness,2.0355474365307504
comparisons.global.per_view[3].edge_sharpness_ratio,0.04100803955931985
comparisons.global.per_view[3].thin_feature_response_ratio,0.0012486152964134405
comparisons.global.per_view[3].gradient_magnitude_ratio,0.01636383385472821
comparisons.global.per_view[3].gradient_cosine,0.009038897838737245
comparisons.global.per_view[3].reference_aligned_gradient_energy,421.80027147458276
comparisons.global.per_view[3].unmatched_gradient_energy,5856.167550342764
comparisons.global.per_view[3].excess_hf_weak_reference,0.0027190806638967484
comparisons.global.per_view[3].gradient_squared_error,5.653036660926827
comparisons.global.per_view[3].weak_reference_pixels,2038801
comparisons.global.per_view[3].gradient_relative_l2,0.9999859764084191
comparisons.global.per_view[3].historical_squared_image_energy,923238.125
comparisons.global.per_view[3].emitted_rgb_before_view_selection,1.5489680757546007
comparisons.global.per_view[3].pre_transmission_rgb_after_gate_lobe,0.4887692545039454
comparisons.global.per_view[3].total_rendered_rgb,1116265.1737929147
comparisons.global.source_weight_sum,1.0034377352493173
comparisons.global.raw_source_mass,9.088634202953163
comparisons.global.colored_source_budget,1.5489680757546007
comparisons.global.total_rendered_rgb,5457087.210306185
comparisons.global.artifact_scores.spoke_anisotropy,0.7419823853065878
comparisons.global.artifact_scores.angular_lattice_fraction,0.02085538886239051
comparisons.global.artifact_scores.radial_banding_score,0.00019597003542764347
comparisons.global.artifact_scores.radial_banding_per_view[0],0.00014500556907347248
comparisons.global.artifact_scores.radial_banding_per_view[1],0.0002388325825469934
comparisons.global.artifact_scores.radial_banding_per_view[2],0.00018843181386873846
comparisons.global.artifact_scores.radial_banding_per_view[3],0.00021161017622136957
comparisons.global.artifact_scores.scope,Fixed image-plane circles r=4..64px around all chart centers; geometry/overlap can also cause anisotropy or radial variation.
comparisons.global.occupancy[0].view,0
comparisons.global.occupancy[0].nearest_px_p50,0.1628928233452683
comparisons.global.occupancy[0].nearest_px_p95,0.3812474096216075
comparisons.global.occupancy[0].no_center_within_0_5px,0.018005041411595247
comparisons.global.occupancy[1].view,1
comparisons.global.occupancy[1].nearest_px_p50,0.16022399825028788
comparisons.global.occupancy[1].nearest_px_p95,0.3821218786227956
comparisons.global.occupancy[1].no_center_within_0_5px,0.0198485337927569
comparisons.global.occupancy[2].view,2
comparisons.global.occupancy[2].nearest_px_p50,0.1710201604569237
comparisons.global.occupancy[2].nearest_px_p95,0.40066065419788377
comparisons.global.occupancy[2].no_center_within_0_5px,0.022336071975258505
comparisons.global.occupancy[3].view,3
comparisons.global.occupancy[3].nearest_px_p50,0.15838410377646914
comparisons.global.occupancy[3].nearest_px_p95,0.3770410130058288
comparisons.global.occupancy[3].no_center_within_0_5px,0.01748560379975621
cache_digests.current,6b63577a7a0343813438685245231db9d79e0224ebd0e1fdf2f511f94cfe904b
cache_digests.global,cd416c9f5b518f86807ec30426a9846265478b8e86e36430ce51e846da12208c
gradient_semantics,"v0.8.13 cosine is spatial image gradient ∇pixel I, NOT dI/dλ. External reference geometry-Jacobian columns are not supplied. Own λ-JVP closure is reported separately; no external geometry-gradient recovery is claimed."
lambda_semantics,"1024 chart centers are not 1024 λ parameters. Use the established first 64 geometry bases; coefficient probes 0 and 17, remaining coefficients zero. Reference chart centers/radii and basis centers/support are fixed; projected centers and geodesic trajectories respond to Fλ."
energy_definition,"Equal total RGB emitted source budget sum_i sum_RGB w_i*C_i before view-dependent selection/shading and transport. A single explicit baseline normalization of all global quadrature weights preserves uniform reference area and unchanged material; fixed thereafter under lambda. Per-view post-gate/lobe flux is an outcome, not renormalized."
source_budget_normalization.scale,1.0034377352493173
source_budget_normalization.unscaled_global_rgb,1.5436613766271603
source_budget_normalization.target_rgb,1.5489680757546012
source_budget_normalization.fixed_under_lambda,True
NO_DENSE_POINT_BY_LAMBDA_TENSOR,True
geometry_optimization,False
birth,False
configuration.K_chart,1024
configuration.N_theta,64
configuration.N_r,64
configuration.phase,PER_CHART_PLUS_RING
configuration.geometry_bases,64
configuration.micro,1
configuration.gate_width,0.05
configuration.ambient,0.35
configuration.capture,4x4 midpoint quadrature of unchanged cubic detector
initialization_equivalence.charts[0],0
initialization_equivalence.charts[1],17
initialization_equivalence.charts[2],166
initialization_equivalence.charts[3],953
initialization_equivalence.position_max_abs,1.887379141862766e-15
initialization_equivalence.normal_max_abs,5.845324224651449e-14
energy_accounting[0].view,0
energy_accounting[0].input_energy,0.4925289425164153
energy_accounting[0].detected_energy,0.4925288429879207
energy_accounting[0].relative_energy_difference,2.0207643860293824e-07
energy_accounting[0].projected_count_sum,4194301.4215134867
energy_accounting[1].view,1
energy_accounting[1].input_energy,0.38858180398160835
energy_accounting[1].detected_energy,0.3885817387717707
energy_accounting[1].relative_energy_difference,1.6781495420688038e-07
energy_accounting[1].projected_count_sum,4194301.3721994613
energy_accounting[2].view,2
energy_accounting[2].input_energy,0.514472675850615
energy_accounting[2].detected_energy,0.5144726347025999
energy_accounting[2].relative_energy_difference,7.9980953387502e-08
energy_accounting[2].projected_count_sum,4194302.19444295
energy_accounting[3].view,3
energy_accounting[3].input_energy,0.35888167730868187
energy_accounting[3].detected_energy,0.35888155022025525
energy_accounting[3].relative_energy_difference,3.5412347481446977e-07
energy_accounting[3].projected_count_sum,4194301.173386716
global_readout_runtime.readout_seconds,21.83162115002051
global_readout_runtime.cuda_allocated_peak_mib,457.75537109375
global_readout_runtime.cuda_reserved_peak_mib,548.0
global_readout_runtime.cpu_rss_peak_mib,2981.09765625
transport_runtime.runtime_seconds,21.501830520108342
transport_runtime.peak_cuda_allocated_mib,422.85302734375
transport_runtime.peak_cuda_reserved_mib,552.0
transport_runtime.cpu_rss_mib,3099.84375
lambda_density[0].parameter,0
lambda_density[0].method,current
lambda_density[0].epsilon,0.001
lambda_density[0].samples,65536
lambda_density[0].density_plus_minus_relative_l2,0.03537294105800727
lambda_density[0].density_derivative_l2,0.030603713849286875
lambda_density[0].position_derivative_rms,0.07137227800094388
lambda_density[0].tangential_derivative_rms,0.019960641752966312
lambda_density[0].mass_difference,-6.661338147750939e-16
lambda_density[0].max_surface_residual_over_probes,0.00025167668484332164
lambda_density[0].sample_ids_digest,4d880bb701f6314feb3fca0d5e308f1847e7c8d32d0acea49f55f1df547c21c7
lambda_density[0].baseline_regeneration_error,0.0
lambda_density[1].parameter,0
lambda_density[1].method,frozen
lambda_density[1].epsilon,0.001
lambda_density[1].samples,65536
lambda_density[1].density_plus_minus_relative_l2,0.03525063487818633
lambda_density[1].density_derivative_l2,0.030497597136952014
lambda_density[1].position_derivative_rms,0.06852318015308226
lambda_density[1].tangential_derivative_rms,4.577147376612046e-15
lambda_density[1].mass_difference,5.551115123125783e-16
lambda_density[1].max_surface_residual_over_probes,2.495325675150299e-07
lambda_density[1].sample_ids_digest,4d880bb701f6314feb3fca0d5e308f1847e7c8d32d0acea49f55f1df547c21c7
lambda_density[1].baseline_regeneration_error,0.00042578458547615217
lambda_density[2].parameter,0
lambda_density[2].method,global
lambda_density[2].epsilon,0.001
lambda_density[2].samples,65536
lambda_density[2].density_plus_minus_relative_l2,0.03116925351489932
lambda_density[2].density_derivative_l2,0.026500457296719626
lambda_density[2].position_derivative_rms,0.07210793125075594
lambda_density[2].tangential_derivative_rms,4.7446804359366236e-15
lambda_density[2].mass_difference,0.0
lambda_density[2].max_surface_residual_over_probes,1.2440672325858895e-11
lambda_density[2].sample_ids_digest,7582d72ca7726bbbd9d1dfb32c931ac56a9b8f3ac6c9656c9ce8861888681d9d
lambda_density[2].baseline_regeneration_error,6.418388825979449e-08
lambda_density[3].parameter,17
lambda_density[3].method,current
lambda_density[3].epsilon,0.001
lambda_density[3].samples,65536
lambda_density[3].density_plus_minus_relative_l2,0.006407359805083733
lambda_density[3].density_derivative_l2,0.005543474761757645
lambda_density[3].position_derivative_rms,0.07923696417242639
lambda_density[3].tangential_derivative_rms,0.031132454580847665
lambda_density[3].mass_difference,-3.3306690738754696e-16
lambda_density[3].max_surface_residual_over_probes,0.00026490378386229553
lambda_density[3].sample_ids_digest,4d880bb701f6314feb3fca0d5e308f1847e7c8d32d0acea49f55f1df547c21c7
lambda_density[3].baseline_regeneration_error,0.0
lambda_density[4].parameter,17
lambda_density[4].method,frozen
lambda_density[4].epsilon,0.001
lambda_density[4].samples,65536
lambda_density[4].density_plus_minus_relative_l2,0.005398198825751242
lambda_density[4].density_derivative_l2,0.00467032987127288
lambda_density[4].position_derivative_rms,0.0727253715568313
lambda_density[4].tangential_derivative_rms,6.484780882715522e-15
lambda_density[4].mass_difference,3.3306690738754696e-16
lambda_density[4].max_surface_residual_over_probes,2.495325675150299e-07
lambda_density[4].sample_ids_digest,4d880bb701f6314feb3fca0d5e308f1847e7c8d32d0acea49f55f1df547c21c7
lambda_density[4].baseline_regeneration_error,0.00042578458547615217
lambda_density[5].parameter,17
lambda_density[5].method,global
lambda_density[5].epsilon,0.001
lambda_density[5].samples,65536
lambda_density[5].density_plus_minus_relative_l2,0.005359142703070941
lambda_density[5].density_derivative_l2,0.00455640467237594
lambda_density[5].position_derivative_rms,0.0752056553172322
lambda_density[5].tangential_derivative_rms,6.4308671677091125e-15
lambda_density[5].mass_difference,-3.3306690738754696e-16
lambda_density[5].max_surface_residual_over_probes,1.366204057585865e-09
lambda_density[5].sample_ids_digest,7582d72ca7726bbbd9d1dfb32c931ac56a9b8f3ac6c9656c9ce8861888681d9d
lambda_density[5].baseline_regeneration_error,6.418388825979449e-08
closure.parameter,17
closure.samples,1024
closure.views[0],0
closure.resolution[0],1080
closure.resolution[1],1920
closure.capture,4
closure.sample_ids_digest,ecf766e8b287b3bcd8800d2aaf53d20e9044833fe2a50ae106b1c40f4c58f271
closure.id_selection,"1024 fixed random IDs, seed=107; not power-of-two Sobol decimation"
closure.precision,"float64 diagnostic; identical transport and cubic subpixel family, 128-emitter AD blocks, one selected λ coordinate"
closure.analytic_method,"automatic-differentiation JVP of own fixed-identity forward including normal attachment, normals, color, emission gate, transmission, boundary exit and detector weights"
closure.rows[0].epsilon,0.001
closure.rows[0].cosine,0.9999999288443231
closure.rows[0].relative_l2,0.0004786391711192413
closure.rows[0].norm_ratio,0.9997053374213207
closure.rows[0].active_component_sign_agreement,1.0
closure.rows[0].analytic_norm,22.76911313617084
closure.rows[0].fd_norm,22.762403930579897
closure.rows[1].epsilon,0.0003
closure.rows[1].cosine,0.9999999994237437
closure.rows[1].relative_l2,4.308385827470776e-05
closure.rows[1].norm_ratio,0.9999734720151712
closure.rows[1].active_component_sign_agreement,1.0
closure.rows[1].analytic_norm,22.76911313617084
closure.rows[1].fd_norm,22.768509117483
closure.rows[2].epsilon,0.0001
closure.rows[2].cosine,0.9999999999928854
closure.rows[2].relative_l2,4.787130632083739e-06
closure.rows[2].norm_ratio,0.9999970523573724
closure.rows[2].active_component_sign_agreement,1.0
closure.rows[2].analytic_norm,22.76911313617084
closure.rows[2].fd_norm,22.769046020962367
closure.rows[3].epsilon,3e-05
closure.rows[3].cosine,0.9999999999999426
closure.rows[3].relative_l2,4.308918211607235e-07
closure.rows[3].norm_ratio,0.9999997345518988
closure.rows[3].active_component_sign_agreement,1.0
closure.rows[3].analytic_norm,22.76911313617084
closure.rows[3].fd_norm,22.769107092152993
closure.rows[4].epsilon,1e-05
closure.rows[4].cosine,0.9999999999999991
closure.rows[4].relative_l2,4.7795073807472755e-08
closure.rows[4].norm_ratio,0.9999999709148041
closure.rows[4].active_component_sign_agreement,1.0
closure.rows[4].analytic_norm,22.76911313617084
closure.rows[4].fd_norm,22.769112473926725
closure.runtime_seconds,9.175951267126948
closure.peak_cuda_allocated_mib,803.73486328125
closure.passed,True
density_residual_correlations[0].method,current
density_residual_correlations[0].view,0
density_residual_correlations[0].density_rgb_highpass_correlation,0.3381581395777009
density_residual_correlations[0].scope,"Matched high-pass fields, sigma=4px, source support mask; not raw object-occupancy correlation or proof of causation."
density_residual_correlations[1].method,global
density_residual_correlations[1].view,0
density_residual_correlations[1].density_rgb_highpass_correlation,0.33418629102829417
density_residual_correlations[1].scope,"Matched high-pass fields, sigma=4px, source support mask; not raw object-occupancy correlation or proof of causation."
verdicts.LAMBDA_CENTERED_EMISSION_HAS_STRONG_DENSITY_NONUNIFORMITY,False
verdicts.LAMBDA_PERTURBATION_CHANGES_EMITTER_DENSITY,True
verdicts.GLOBAL_FIXED_MEASURE_REDUCES_DENSITY_NONUNIFORMITY,True
verdicts.GLOBAL_FIXED_MEASURE_IMPROVES_REFERENCE_GRADIENT_ALIGNMENT,False
verdicts.FROZEN_EMITTER_LAYOUT_IMPROVES_REFERENCE_GRADIENT_ALIGNMENT,False
verdicts.GLOBAL_FORWARD_GRADIENT_PASSES_FINITE_DIFFERENCE_CLOSURE,True
verdicts.RING_FLOWER_STRUCTURE_CORRELATES_WITH_EMITTER_DENSITY,False
verdicts.LAMBDA_DEPENDENT_EMITTER_REDISTRIBUTION_IS_PRIMARY_LIMITATION,False
verdicts.PRIMARY_LIMITATION,OTHER
interpretation.thresholds.strong_density_cv,0.5
interpretation.thresholds.density_cv_reduction_ratio,0.8
interpretation.thresholds.material_spatial_gradient_cosine_gain,0.05
interpretation.thresholds.strong_redistribution,"current density derivative >2x global AND ±epsilon relative density change >1%, both selected parameters"
interpretation.thresholds.correlation,0.5
interpretation.frozen_layout,"Frozen reference alignment is NOT TESTED; required boolean false means improvement not established, not evidence of no effect. Frozen normal attachment is only a +/-epsilon density control. Its lambda=0 reattachment residual relative to the approximate geodesic endpoints is explicitly reported; it is not assumed identically zero."
interpretation.causal_limit,A moving surface changes Eulerian density even with a fixed material measure. Current-minus-frozen density derivatives and tangential motions help separate geodesic redistribution from unavoidable normal shape motion. Smoother images alone never establish primary λ-measure failure.
interpretation.remaining_alternatives[0],Sparse hard-reference measure mismatch
interpretation.remaining_alternatives[1],Unchanged geometry/grid bandwidth
interpretation.remaining_alternatives[2],Unchanged attenuation/visibility formulation
interpretation.remaining_alternatives[3],Chart overlap and non-area geodesic quadrature
figures[0],figures/v0814_surface_emitters.png
figures[1],figures/v0814_density_current.png
figures[2],figures/v0814_density_global.png
figures[3],figures/v0814_lambda_density_difference.png
figures[4],figures/v0814_fullhd_comparison.png
figures[5],figures/v0814_ring_crop.png
figures[6],figures/v0814_gradient_error.png
runtime_seconds,132.8869006759487
cpu_rss_peak_mib,4009.4921875
commands[0],PYTHONPATH=src python -m zlt.fixed_measure
commands[1],PYTHONPATH=src python scripts/validate_v0814.py
